,Date,temp,Chla,Si,DIN,OrgN,total_abund,A_sang,T_norden,Pseudo
0,1999-01-25,0.0,3.72,,,,124000.0,0.0,0.0,0.0
1,1999-02-01,2.25,2.9,,,,113000.0,0.0,0.0,0.0
2,1999-02-08,0.0,2.2,,,,107000.0,0.0,0.0,0.0
3,1999-02-15,0.0,1.34,,,,95500.0,0.0,0.0,0.0
4,1999-02-22,0.0,12.56,,,,163500.0,0.0,0.0,0.0
5,1999-03-01,0.0,2.27,,,,113000.0,0.0,0.0,0.0
6,1999-03-10,0.0,2.75,,,,42500.0,0.0,0.0,0.0
7,1999-03-16,0.0,3.15,,,,96500.0,0.0,0.0,0.0
8,1999-03-24,5.75,7.82,,,,300500.0,0.0,0.0,0.0
9,1999-03-29,6.25,4.81,,,,439000.0,0.0,0.0,0.0
10,1999-04-05,7.0,15.35,,,,2949300.0,0.0,0.0,0.0
11,1999-04-12,0.0,8.74,,,,1474000.0,0.0,0.0,0.0
12,1999-04-19,0.0,2.19,,,,101000.0,0.0,0.0,0.0
13,1999-04-26,0.0,3.75,,,,1856000.0,0.0,0.0,0.0
14,1999-05-03,11.0,1.24,,,,767000.0,0.0,0.0,0.0
15,1999-05-10,12.5,2.62,,,,576000.0,0.0,0.0,0.0
16,1999-05-11,,,,,,,,,
17,1999-05-17,13.75,4.21,,,,2841000.0,0.0,0.0,0.0
18,1999-05-26,15.5,4.42,,,,1244000.0,0.0,0.0,0.0
19,1999-05-31,19.7,2.66,,,,571000.0,0.0,0.0,0.0
20,1999-06-07,18.7,4.93,,,,230000.0,0.0,0.0,0.0
21,1999-06-10,,,,,,,,,
22,1999-06-10,,,,,,,,,
23,1999-06-14,19.3,5.32,,,,92000.0,0.0,0.0,0.0
24,1999-06-21,19.2,6.03,,,,466000.0,0.0,0.0,0.0
25,1999-06-28,20.9,5.56,,,,2982708.0,0.0,0.0,0.0
26,1999-07-05,23.0,11.26,,,,2670898.0,0.0,0.0,0.0
27,1999-07-09,,,,,,,,,
28,1999-07-12,20.6,4.29,,,,61000.0,0.0,0.0,0.0
29,1999-07-19,22.8,5.04,,,,215000.0,0.0,0.0,0.0
30,1999-07-26,22.4,,,,,2933452.0,0.0,0.0,0.0
31,1999-08-02,23.5,,,,,9106713.0,0.0,0.0,0.0
32,1999-08-09,23.0,14.76,,,,18627750.0,0.0,0.0,0.0
33,1999-08-19,,42.15,,,,6136200.0,0.0,0.0,0.0
34,1999-08-23,23.0,17.08,,,,214000.0,0.0,0.0,0.0
35,1999-09-02,,2.93,,,,117000.0,0.0,0.0,0.0
36,1999-09-10,,3.86,,,,156000.0,0.0,0.0,0.0
37,1999-09-15,22.0,12.19,,,,1056000.0,0.0,0.0,0.0
38,1999-09-20,20.0,20.43,,,,3072000.0,0.0,0.0,0.0
39,1999-09-27,19.0,18.3,,,,7340000.0,0.0,0.0,0.0
40,1999-10-06,16.5,4.37,,,,1715000.0,0.0,0.0,0.0
41,1999-10-11,16.75,3.74,,,,295000.0,0.0,0.0,0.0
42,1999-10-18,16.0,11.2,,,,1039000.0,0.0,0.0,0.0
43,1999-10-25,13.5,18.42,,,,94000.0,0.0,0.0,0.0
44,1999-11-01,13.5,1.32,,,,211000.0,0.0,0.0,0.0
45,1999-11-01,13.5,1.32,,,,151000.0,0.0,0.0,0.0
46,1999-11-08,11.5,8.73,,,,1728000.0,0.0,0.0,0.0
47,1999-11-15,10.25,6.49,,,,854000.0,0.0,0.0,0.0
48,1999-11-22,10.25,8.74,,,,861000.0,0.0,0.0,0.0
49,1999-12-01,7.0,5.08,,,,650000.0,0.0,0.0,0.0
50,1999-12-06,8.75,5.41,,,,1082000.0,0.0,0.0,0.0
51,1999-12-13,7.0,4.43,,,,721000.0,0.0,0.0,0.0
52,1999-12-22,6.5,7.95,,,,260000.0,0.0,0.0,0.0
53,1999-12-27,4.5,12.81,,,,1215000.0,0.0,0.0,0.0
54,2000-01-03,5.0,10.45,,,,1577000.0,0.0,0.0,0.0
55,2000-01-10,5.25,12.59,,,,2533000.0,0.0,0.0,0.0
56,2000-01-19,-1.0,9.55,,,,2451000.0,0.0,0.0,0.0
57,2000-01-28,,6.38,,,,1292000.0,0.0,0.0,0.0
58,2000-02-02,,10.62,,,,2767000.0,0.0,0.0,0.0
59,2000-02-07,1.0,9.25,,,,2782000.0,0.0,0.0,0.0
60,2000-02-16,2.0,11.78,,,,8542000.0,0.0,0.0,0.0
61,2000-02-21,1.5,14.37,,,,10495000.0,0.0,0.0,0.0
62,2000-02-28,4.5,12.56,,,,6204000.0,0.0,0.0,0.0
63,2000-03-06,4.0,11.3,,,,4440000.0,0.0,0.0,0.0
64,2000-03-15,5.5,11.26,,,,5746000.0,0.0,0.0,0.0
65,2000-03-20,4.75,15.29,,,,11030000.0,0.0,282000.0,0.0
66,2000-03-27,6.5,8.24,,,,14709000.0,0.0,0.0,0.0
67,2000-04-03,8.0,5.03,,,,1246000.0,0.0,397000.0,0.0
68,2000-04-12,9.0,21.45,,,,8040000.0,0.0,400000.0,0.0
69,2000-04-17,9.0,3.6,,,,4405000.0,0.0,15000.0,0.0
70,2000-04-24,8.25,5.19,,,,892000.0,0.0,312000.0,0.0
71,2000-05-01,9.25,16.39,,,,1893000.0,0.0,62000.0,0.0
72,2000-05-10,13.25,4.4,,,,2490000.0,0.0,0.0,0.0
73,2000-05-15,13.5,10.15,,,,6705550.0,0.0,0.0,0.0
74,2000-05-22,13.5,8.5,,,,8723601.0,0.0,0.0,0.0
75,2000-05-31,14.5,9.23,,,,15360000.0,0.0,0.0,0.0
76,2000-06-05,16.0,7.52,,,,3954709.0,0.0,0.0,0.0
77,2000-06-14,16.75,31.99,,,,19184000.0,0.0,0.0,0.0
78,2000-06-19,19.0,9.45,,,,9102888.0,0.0,0.0,0.0
79,2000-06-26,20.5,8.65,,,,13234041.0,0.0,0.0,0.0
80,2000-07-06,22.0,8.02,,,,4740625.0,0.0,0.0,0.0
81,2000-07-13,22.0,7.56,,,,6345369.0,0.0,0.0,0.0
82,2000-07-17,21.5,16.05,,,,7479813.0,0.0,0.0,0.0
83,2000-07-24,21.5,9.76,,,,14729250.0,0.0,0.0,0.0
84,2000-07-31,21.0,4.97,,,,677000.0,0.0,0.0,0.0
85,2000-08-07,22.0,19.9,,,,12771500.0,0.0,0.0,0.0
86,2000-08-16,21.0,7.9,,,,1637950.0,0.0,0.0,0.0
87,2000-08-21,20.0,20.32,,,,20233500.0,0.0,0.0,0.0
88,2000-08-28,21.0,5.22,,,,3982902.0,0.0,0.0,0.0
89,2000-09-04,22.0,10.47,,,,2146350.0,0.0,0.0,0.0
90,2000-09-11,21.0,23.86,,,,19244375.0,0.0,0.0,0.0
91,2000-09-18,19.0,11.67,,,,12387125.0,0.0,0.0,0.0
92,2000-09-25,18.0,11.82,,,,5070828.0,0.0,0.0,0.0
93,2000-10-02,16.5,9.89,,,,6338535.0,0.0,0.0,0.0
94,2000-10-11,15.0,14.41,,,,2499048.0,0.0,0.0,0.0
95,2000-10-18,14.0,5.19,,,,1745000.0,0.0,0.0,0.0
96,2000-10-23,13.0,6.6,,,,1607000.0,0.0,0.0,0.0
97,2000-10-30,12.0,4.07,,,,1547000.0,0.0,0.0,0.0
98,2000-11-06,10.0,5.53,,,,2052963.0,0.0,0.0,0.0
99,2000-11-13,11.3,2.48,,,,601000.0,0.0,0.0,0.0
100,2000-11-20,9.4,6.41,,,,763000.0,0.0,0.0,0.0
101,2000-11-27,7.2,6.79,,,,820000.0,0.0,0.0,0.0
102,2000-12-04,4.0,1.46,,,,378000.0,0.0,0.0,0.0
103,2000-12-11,4.0,5.53,,,,1408000.0,0.0,0.0,0.0
104,2000-12-18,4.0,4.46,,,,1763000.0,0.0,12000.0,0.0
105,2000-12-28,0.5,3.16,,,,1971000.0,0.0,48000.0,0.0
106,2001-01-03,-1.0,1.58,,,,726000.0,0.0,16000.0,0.0
107,2001-01-08,1.5,4.5,,,,2002000.0,0.0,150000.0,0.0
108,2001-01-15,1.0,6.49,,,,1519000.0,0.0,293000.0,0.0
109,2001-01-22,0.9,12.53,,,,2221000.0,0.0,555000.0,0.0
110,2001-01-29,1.8,33.91,,,,4389050.0,0.0,1767100.0,0.0
111,2001-02-07,2.2,9.97,,,,1977000.0,0.0,738000.0,0.0
112,2001-02-12,1.6,1.59,,,,349000.0,0.0,15000.0,0.0
113,2001-02-19,1.1,10.85,,,,2573000.0,0.0,1119000.0,0.0
114,2001-02-26,2.6,2.54,,,,671000.0,0.0,240000.0,0.0
115,2001-03-08,,6.52,,,,616000.0,0.0,268000.0,0.0
116,2001-03-14,3.3,1.49,,,,699000.0,0.0,4000.0,0.0
117,2001-03-19,5.1,17.31,,,,1831000.0,0.0,175000.0,0.0
118,2001-03-26,4.4,8.02,,,,2101000.0,0.0,655000.0,0.0
119,2001-04-02,,,,,,2025688.0,0.0,1340780.0,0.0
120,2001-04-09,6.0,29.06,,,,4239202.0,0.0,3611267.0,0.0
121,2001-04-20,7.6,7.86,,,,1742000.0,0.0,993000.0,0.0
122,2001-04-23,9.4,0.93,,,,335000.0,0.0,6000.0,0.0
123,2001-04-30,10.4,3.03,,,,1664000.0,0.0,160000.0,0.0
124,2001-05-07,11.7,4.77,,,,938000.0,0.0,244000.0,0.0
125,2001-05-14,14.6,4.61,,,,1633000.0,0.0,0.0,0.0
126,2001-05-21,13.0,4.23,,,,1293000.0,0.0,0.0,0.0
127,2001-05-29,14.3,4.42,,,,816000.0,0.0,2000.0,0.0
128,2001-06-04,,,,,,498000.0,0.0,0.0,0.0
129,2001-06-12,,,,,,2047950.0,0.0,0.0,0.0
130,2001-06-19,22.1,8.47,,,,8545917.0,0.0,0.0,0.0
131,2001-06-25,21.3,12.46,,,,12940625.0,0.0,0.0,0.0
132,2001-07-02,20.3,17.43,,,,15867000.0,0.0,0.0,0.0
133,2001-07-09,20.1,6.1,,,,1788974.0,0.0,0.0,0.0
134,2001-07-16,21.4,4.22,,,,1900350.0,0.0,0.0,0.0
135,2001-07-23,20.6,13.43,,,,6549750.0,0.0,0.0,0.0
136,2001-07-30,21.4,13.19,,,,7278210.0,0.0,0.0,0.0
137,2001-08-06,22.5,9.6,,,,19352000.0,0.0,0.0,0.0
138,2001-08-13,23.9,47.87,,,,48103250.0,0.0,0.0,0.0
139,2001-08-20,21.8,9.93,,,,8876500.0,0.0,0.0,0.0
140,2001-08-27,22.6,9.91,,,,6380625.0,0.0,0.0,0.0
141,2001-09-05,21.6,12.02,,,,11903500.0,0.0,0.0,0.0
1173,2001-09-10,,,,,,2279000.0,0.0,0.0,0.0
143,2001-09-17,21.8,5.35,,,,304000.0,0.0,0.0,0.0
145,2001-09-17,19.7,5.35,,,,304000.0,0.0,0.0,0.0
142,2001-09-17,21.8,10.74,,,,304000.0,0.0,0.0,0.0
144,2001-09-17,19.7,10.74,,,,304000.0,0.0,0.0,0.0
146,2001-09-24,20.7,17.88,,,,3393000.0,0.0,0.0,0.0
147,2001-10-01,17.5,8.96,,,,1112000.0,0.0,0.0,0.0
148,2001-10-08,16.0,6.41,,,,1045000.0,0.0,0.0,0.0
149,2001-10-15,16.2,4.2,,,,965000.0,0.0,0.0,0.0
150,2001-10-22,15.1,8.24,,,,2659000.0,0.0,0.0,0.0
151,2001-10-29,12.8,6.58,,,,1444000.0,0.0,0.0,0.0
152,2001-11-05,13.0,12.07,,,,640000.0,0.0,0.0,0.0
153,2001-11-12,10.0,9.36,,,,638000.0,0.0,0.0,0.0
154,2001-11-19,9.9,4.92,,,,895000.0,0.0,0.0,0.0
155,2001-11-26,9.4,5.72,,,,263000.0,0.0,0.0,0.0
156,2001-12-03,10.2,3.82,,,,48000.0,0.0,0.0,0.0
157,2001-12-10,8.4,2.38,,,,37000.0,0.0,0.0,0.0
158,2001-12-17,7.9,2.44,,,,68000.0,0.0,0.0,0.0
159,2001-12-27,5.0,4.6,,,,166000.0,0.0,0.0,0.0
160,2001-12-31,4.6,0.86,,,,11500.0,0.0,0.0,0.0
161,2002-01-07,3.0,1.29,,,,119000.0,0.0,0.0,0.0
162,2002-01-14,3.2,0.91,,,,51500.0,0.0,0.0,0.0
163,2002-01-21,1.4,0.63,,,,176000.0,0.0,0.0,0.0
164,2002-01-28,4.0,2.3,,,,239000.0,0.0,0.0,0.0
165,2002-02-04,3.3,2.47,,,,382000.0,0.0,0.0,0.0
166,2002-02-11,4.2,3.43,,,,451000.0,0.0,0.0,0.0
167,2002-02-18,3.3,5.62,,,,1005000.0,0.0,61000.0,0.0
168,2002-02-25,4.3,31.55,,,,9475567.0,0.0,0.0,0.0
169,2002-03-04,5.2,4.61,,,,270000.0,0.0,52000.0,0.0
170,2002-03-11,5.4,3.7,,,,149000.0,0.0,7500.0,0.0
171,2002-03-18,6.0,4.53,,,,458000.0,0.0,351000.0,0.0
172,2002-03-25,6.0,3.2,,,,179000.0,0.0,0.0,0.0
173,2002-04-01,7.2,2.54,,,,110000.0,0.0,20000.0,0.0
174,2002-04-08,7.0,2.15,,,,286000.0,0.0,0.0,0.0
175,2002-04-15,10.5,2.64,,,,406000.0,0.0,0.0,0.0
176,2002-04-22,11.8,5.42,,,,876000.0,0.0,0.0,0.0
177,2002-04-29,9.7,3.32,,,,201000.0,0.0,0.0,0.0
178,2002-05-06,11.2,7.69,,,,302000.0,0.0,0.0,0.0
179,2002-05-13,12.3,7.04,,,,1338000.0,0.0,0.0,0.0
180,2002-05-22,11.9,10.7,,,,1069000.0,0.0,0.0,0.0
181,2002-05-27,13.7,5.04,,,,555000.0,0.0,0.0,0.0
182,2002-06-03,15.8,5.29,,,,2424487.0,0.0,0.0,0.0
183,2002-06-10,16.7,5.41,,,,2892125.0,0.0,0.0,0.0
184,2002-06-17,15.9,6.04,,,,2050000.0,0.0,0.0,0.0
185,2002-06-24,19.4,6.98,,,,1728000.0,0.0,0.0,0.0
186,2002-07-01,21.4,11.88,,,,9106500.0,0.0,0.0,0.0
187,2002-07-09,21.6,6.13,,,,10767505.0,0.0,0.0,0.0
188,2002-07-15,21.0,4.89,,,,911000.0,0.0,0.0,0.0
189,2002-07-22,21.6,6.84,,,,703000.0,0.0,0.0,0.0
190,2002-07-29,21.9,8.14,,,,2372141.0,0.0,0.0,0.0
191,2002-08-05,24.8,6.39,,,,2580000.0,0.0,0.0,0.0
192,2002-08-12,22.3,8.7,,,,889000.0,0.0,0.0,0.0
193,2002-08-19,24.5,13.69,,,,3897120.0,0.0,0.0,0.0
194,2002-08-27,22.3,2.7,,,,26000.0,0.0,0.0,0.0
195,2002-09-06,20.5,1.4,,,,41000.0,0.0,0.0,0.0
196,2002-09-11,21.8,9.92,,,,2460000.0,0.0,0.0,0.0
197,2002-09-16,20.8,7.94,,,,1384000.0,0.0,0.0,0.0
198,2002-09-23,21.2,16.1,,,,3178989.0,0.0,0.0,0.0
199,2002-09-30,19.9,17.67,,,,3199000.0,0.0,0.0,0.0
200,2002-10-07,18.8,5.57,,,,723000.0,0.0,0.0,0.0
201,2002-10-15,15.4,5.67,,,,386000.0,0.0,0.0,0.0
202,2002-10-21,14.6,3.31,,,,218000.0,0.0,0.0,0.0
203,2002-10-28,12.0,7.12,,,,2303000.0,0.0,0.0,0.0
204,2002-11-04,10.3,10.17,,,,2077000.0,0.0,0.0,0.0
205,2002-11-11,11.5,4.06,,,,613000.0,0.0,0.0,0.0
206,2002-11-18,9.4,1.49,,,,226000.0,0.0,0.0,0.0
207,2002-11-25,8.3,2.78,,,,145000.0,0.0,0.0,0.0
208,2002-12-02,6.3,6.19,,,,206000.0,0.0,0.0,0.0
209,2002-12-09,3.4,7.8,,,,1603000.0,0.0,98000.0,0.0
210,2002-12-16,4.1,6.82,,,,1437152.0,0.0,74080.0,0.0
211,2002-12-20,4.5,6.69,,,,1620000.0,0.0,152000.0,0.0
212,2003-01-03,3.9,9.33,,,,1143000.0,0.0,295000.0,0.0
213,2003-01-06,3.5,5.56,,,,1137000.0,0.0,0.0,0.0
214,2003-01-13,2.8,7.87,,,,1097000.0,0.0,0.0,0.0
215,2003-01-20,1.0,5.98,,,,1655000.0,0.0,63000.0,0.0
216,2003-01-27,-1.5,11.66,,,,2731000.0,0.0,244000.0,0.0
217,2003-02-03,0.3,13.25,,,,6770250.0,0.0,927000.0,0.0
218,2003-02-10,0.8,5.0,,,,4559784.0,0.0,438861.0,0.0
219,2003-02-20,-1.0,9.13,,,,6645288.0,0.0,437532.0,0.0
220,2003-02-24,0.2,6.02,0.13450742999999998,,,3295000.0,0.0,355000.0,0.0
221,2003-03-03,0.3,6.02,,,,2191000.0,0.0,538000.0,0.0
222,2003-03-10,0.4,3.69,0.7793515649999999,,,926000.0,0.0,408000.0,0.0
223,2003-03-19,3.2,6.92,,,,1960000.0,0.0,718000.0,0.0
224,2003-03-24,4.8,8.38,3.5438285625,,,5118750.0,0.0,850500.0,0.0
225,2003-03-31,6.3,11.01,,,,3446688.0,0.0,117024.0,0.0
226,2003-04-09,3.6,16.5,2.6702973375,,,4303600.0,0.0,113950.0,0.0
227,2003-04-14,,16.67,,,,3798000.0,0.0,21000.0,0.0
228,2003-04-23,8.5,8.71,1.2008283675,,,3441000.0,0.0,0.0,0.0
229,2003-04-28,8.5,2.55,,,,838000.0,0.0,0.0,0.0
230,2003-05-05,11.9,4.72,,3.488308,5.7985430000000004,319000.0,0.0,0.0,0.0
231,2003-05-12,11.1,2.03,,,,578000.0,0.0,15000.0,0.0
232,2003-05-21,12.9,5.57,0.26995776,0.35017,0.459097,52000.0,0.0,0.0,0.0
233,2003-05-28,12.3,0.86,9.06108768,6.121488,8.39096,15000.0,0.0,0.0,0.0
234,2003-06-04,14.1,9.24,27.72294384,1.9281085,3.3098434999999995,47000.0,0.0,0.0,0.0
235,2003-06-09,15.9,12.6,23.70529104,3.047557,5.342962999999999,41000.0,0.0,0.0,0.0
236,2003-06-16,15.5,9.47,26.176030922499997,2.39949,3.7196510000000003,44000.0,0.0,0.0,0.0
237,2003-06-23,16.9,5.71,30.099166080000003,6.338338500000001,8.751891500000001,33000.0,0.0,0.0,0.0
238,2003-06-30,19.9,10.37,0.12197274,0.8113940000000001,1.008315,944000.0,0.0,0.0,0.0
239,2003-07-09,23.0,4.18,1.00975473,0.951816,1.226172,690000.0,0.0,0.0,0.0
240,2003-07-14,20.4,6.31,0.58125312,1.447253,1.7260149999999999,1096000.0,0.0,0.0,0.0
241,2003-07-21,22.0,0.57,1.6502577600000001,0.31855100000000003,0.44373700000000005,714000.0,0.0,0.0,0.0
242,2003-07-28,22.0,3.16,0.22380825999999998,0.155686,0.22711399999999998,1081000.0,0.0,0.0,0.0
243,2003-08-02,,,42.11370729,,,,,,
244,2003-08-02,,,42.11370729,,,,,,
245,2003-08-04,23.0,4.1,5.46609168,0.39914499999999997,0.479085,567000.0,0.0,0.0,0.0
246,2003-08-13,24.5,4.3,32.13893472,1.1182210000000001,1.1596730000000002,650000.0,0.0,0.0,0.0
247,2003-08-20,22.8,7.18,44.44165392000001,0.725621,0.8248504999999999,163000.0,0.0,0.0,0.0
248,2003-08-27,21.8,10.57,34.70290647750001,4.6899999999999995,5.37,168000.0,0.0,0.0,0.0
249,2003-09-03,19.0,5.16,77.62016421,5.647717,6.2090700000000005,287000.0,0.0,0.0,0.0
250,2003-09-10,19.4,15.33,35.2703808225,0.618822,0.774815,3177000.0,0.0,0.0,0.0
251,2003-09-17,20.2,4.88,42.82112832,0.8396830000000001,0.9187200000000001,57000.0,0.0,0.0,0.0
252,2003-09-24,19.6,,71.5764643725,5.084684,6.065876,65000.0,0.0,0.0,0.0
253,2003-09-29,20.3,6.04,50.2280304,10.065175,12.42516,66000.0,0.0,0.0,0.0
254,2003-10-08,17.1,4.77,43.37759664000001,11.695203,15.364963,616000.0,0.0,0.0,0.0
255,2003-10-15,16.5,3.67,67.54301808,19.916951,27.847398000000002,135000.0,0.0,0.0,0.0
256,2003-10-22,14.0,2.6,46.032258240000004,19.064268,27.813285999999998,188000.0,0.0,0.0,0.0
257,2003-10-29,13.7,2.36,41.33841888,20.607944,30.723945,195000.0,0.0,1000.0,0.0
258,2003-11-03,13.8,2.97,,28.323818,43.632423,1482000.0,0.0,5000.0,0.0
259,2003-11-10,11.2,2.6,31.393885724999997,19.038086,29.736106999999997,175000.0,0.0,0.0,0.0
260,2003-11-14,,,,18.901275,31.161948,,,,
261,2003-11-17,8.2,1.86,34.36743216000001,21.748404999999998,34.663714,207000.0,0.0,0.0,0.0
262,2003-11-24,9.6,2.12,29.508406814999997,18.21,30.19,396000.0,0.0,0.0,0.0
263,2003-12-01,8.8,2.58,28.83990576,17.691887,30.230632,446000.0,0.0,0.0,0.0
264,2003-12-09,3.4,1.69,27.160389655000003,19.900216,34.369664,169000.0,0.0,16000.0,0.0
265,2003-12-15,3.6,1.18,29.8666848,23.155656,39.571873000000004,277000.0,0.0,42000.0,0.0
266,2003-12-30,5.0,4.36,25.14804672,18.074317999999998,32.78848299999999,462000.0,0.0,56000.0,0.0
267,2004-01-05,4.6,18.11,21.40502304,17.41,32.980000000000004,2236000.0,0.0,634000.0,0.0
268,2004-01-14,0.0,32.47,1.4198591999999999,0.86,1.6,2532000.0,0.0,1104000.0,0.0
269,2004-01-21,0.0,29.59,0.025237469999999998,0.07,0.12000000000000001,3897000.0,0.0,1842000.0,0.0
270,2004-01-29,,21.28,1.01892336,0.17,0.27,3606000.0,0.0,1143000.0,0.0
271,2004-02-04,-1.0,11.59,0.41757303,0.762121,0.898606,1131000.0,0.0,432000.0,0.0
272,2004-02-09,0.0,9.66,0.5225788650000001,0.48792899999999995,0.6005889999999999,2682000.0,0.0,1128000.0,0.0
273,2004-02-16,-1.0,13.46,0.121839855,0.6155860000000001,0.7765580000000001,1154000.0,0.0,713000.0,0.0
274,2004-02-23,1.5,12.68,0.14748552000000004,0.41151,0.457236,844000.0,0.0,501000.0,0.0
275,2004-03-01,2.8,2.99,0.10962235000000001,1.2094690000000001,1.445939,277000.0,0.0,82000.0,0.0
276,2004-03-12,3.8,4.13,,,,223000.0,0.0,1000.0,0.0
277,2004-03-13,,,3.9812318,9.0660265,13.321222999999998,,,,
278,2004-03-18,,7.06,2.4702058200000003,0.779523,0.9006379999999999,481000.0,0.0,0.0,0.0
279,2004-03-22,3.0,5.4,2.291567145,0.38396099999999994,0.47678199999999993,753000.0,0.0,0.0,0.0
280,2004-03-29,4.8,15.86,1.37932749,6.486436,10.189253,3711000.0,0.0,0.0,0.0
281,2004-04-05,4.5,16.06,0.6005866200000001,0.6072000000000001,0.8698190000000001,3134000.0,0.0,198000.0,0.0
282,2004-04-14,7.0,4.32,2.6235240899999996,0.787154,0.88558,489000.0,0.0,0.0,0.0
283,2004-04-19,8.1,1.82,0.20110962000000004,0.89349974,0.95488789,738000.0,0.0,24000.0,0.0
284,2004-04-26,8.7,7.23,0.06259467000000005,0.88158965,0.9810198,1310000.0,0.0,0.0,0.0
285,2004-05-03,9.9,0.66,1.29558696,0.6794872399999999,0.72883144,187000.0,0.0,0.0,0.0
286,2004-05-10,11.7,7.99,0.41795625000000003,0.87232465,1.01740635,2106000.0,0.0,163000.0,0.0
287,2004-05-17,15.2,2.62,0.22330038,0.97351714,1.25400032,2042000.0,0.0,0.0,0.0
288,2004-05-24,15.4,5.58,4.4943612900000005,0.91365513,1.00365513,2772000.0,0.0,0.0,0.0
289,2004-06-01,14.0,5.46,,,,1862000.0,0.0,0.0,0.0
290,2004-06-07,15.0,10.12,3.1189883099999998,1.69955154,2.00137479,87000.0,0.0,0.0,0.0
291,2004-06-15,16.6,8.36,8.188707359999999,0.7573038999999999,0.8173038999999999,2690000.0,0.0,0.0,0.0
292,2004-06-21,18.8,4.2,3.37879575,1.10358474,1.1835847400000001,3060000.0,0.0,0.0,0.0
293,2004-06-28,18.6,0.13,13.625448630000001,1.06836544,1.12836544,5206000.0,0.0,0.0,0.0
294,2004-07-06,20.2,,2.4401243699999995,0.9037709899999999,0.9637709899999999,5123000.0,0.0,0.0,0.0
295,2004-07-12,22.0,0.46,4.99330314,0.7348082499999999,0.93615239,7950000.0,0.0,0.0,0.0
296,2004-07-19,21.8,0.24,0.18114369000000002,0.58928481,0.6292848099999999,14697000.0,0.0,0.0,0.0
297,2004-07-26,21.8,6.42,6.29727849,0.8095525400000001,0.9564767400000002,8154000.0,0.0,0.0,0.0
298,2004-08-02,22.3,8.54,4.523482410000001,0.80947729,0.86947729,3254000.0,0.0,0.0,0.0
299,2004-08-10,22.0,1.23,4.75229628,1.0265995799999998,1.2128018299999996,2092000.0,0.0,0.0,0.0
300,2004-08-15,22.2,,8.884969470000001,1.74862747,1.89562392,1806000.0,0.0,0.0,0.0
301,2004-08-23,21.5,14.41,4.798259085,0.15105000000000002,0.2221,9639000.0,0.0,0.0,0.0
302,2004-08-30,22.0,12.44,,,,10709000.0,0.0,0.0,0.0
303,2004-09-08,22.6,4.84,0.04960289999999998,0.17164999999999997,0.2833,7243000.0,0.0,0.0,0.0
304,2004-09-15,21.0,8.8,5.733806550000001,0.24000000000000002,0.34,8938000.0,0.0,0.0,90000.0
305,2004-09-20,18.8,11.47,4.144800249999999,0.403,0.6060000000000001,3070000.0,0.0,0.0,20000.0
306,2004-09-27,19.5,8.04,0.589534475,0.291875,0.41874999999999996,12483000.0,0.0,0.0,25000.0
307,2004-10-04,17.3,17.32,0.040265955000000006,0.1612,0.2424,15033000.0,0.0,119000.0,21000.0
308,2004-10-12,16.7,3.95,8.91715047,2.90725,4.0745,1330000.0,0.0,0.0,218000.0
309,2004-10-18,14.6,10.85,1.1986959000000001,0.26239999999999997,0.42479999999999996,8014000.0,0.0,0.0,0.0
310,2004-10-25,11.9,1.53,6.128331135,10.592649999999999,16.185299999999998,3970000.0,0.0,0.0,0.0
311,2004-11-01,12.9,20.94,2.6483707649999997,0.13165,0.2433,5831000.0,0.0,0.0,0.0
312,2004-11-08,11.0,1.85,3.525410525,1.92735,2.4246999999999996,131000.0,0.0,0.0,0.0
313,2004-11-15,7.0,2.01,10.972455765,8.922699999999999,13.165399999999998,81000.0,0.0,0.0,0.0
314,2004-11-22,8.3,3.97,19.232816975,18.30715,28.264300000000002,106000.0,0.0,0.0,0.0
315,2004-11-29,8.6,2.35,18.188474925,11.803450000000002,18.126900000000003,92000.0,0.0,0.0,
316,2004-12-04,10.1,,,,,,,,
317,2004-12-06,6.5,4.21,23.063490199999997,17.9648,28.439600000000002,88000.0,0.0,0.0,0.0
318,2004-12-13,7.9,1.55,21.948053535,14.6281,23.296200000000002,90000.0,0.0,0.0,0.0
319,2004-12-23,8.0,1.86,,,,5100.0,0.0,0.0,0.0
320,2004-12-29,6.5,5.87,,10.3812,18.5824,147300.0,0.0,0.0,0.0
321,2005-01-07,3.6,1.19,31.018541,17.681299999999997,31.302599999999995,72700.0,0.0,2600.0,0.0
322,2005-01-10,4.4,0.91,22.54977033,13.101624999999999,23.02325,54000.0,0.0,0.0,0.0
323,2005-01-20,1.8,0.94,25.603606739999996,14.09574885,22.53525407,13000.0,0.0,1100.0,0.0
324,2005-01-27,,1.22,,10.52406883,17.20603814,18000.0,0.0,0.0,0.0
325,2005-02-03,0.2,0.6,19.87900809,16.31510566,27.317103099999997,18900.0,0.0,2100.0,0.0
326,2005-02-08,1.8,0.83,15.666140789999996,9.981640330000001,16.47694449,25900.0,0.0,6600.0,1400.0
327,2005-02-15,2.4,4.23,10.623334229999998,5.32441024,9.81752576,812000.0,0.0,28000.0,20000.0
328,2005-02-21,1.1,5.95,11.526873720000001,3.34126964,6.17867472,118000.0,0.0,0.0,0.0
329,2005-03-03,1.6,3.14,9.714911149999999,0.8454743200000001,1.02718832,187000.0,0.0,0.0,0.0
330,2005-03-08,2.3,1.09,6.693399750000001,0.5109663,0.5777386800000001,91000.0,0.0,0.0,0.0
331,2005-03-11,1.5,1.06,6.74059671,1.19554472,1.76614672,36900.0,0.0,0.0,0.0
332,2005-03-22,3.3,1.25,9.126918284999999,7.22777244,11.59117442,77300.0,0.0,0.0,1700.0
333,2005-03-29,4.9,,2.55776583,0.66764558,0.90270446,2488000.0,0.0,9000.0,0.0
334,2005-04-05,6.5,,8.192339985,2.01134559,3.24883003,8138000.0,0.0,123000.0,0.0
335,2005-04-12,7.8,15.35,3.824820895,1.14998136,1.4628273600000001,27722000.0,0.0,110000.0,0.0
336,2005-04-21,9.0,,,1.9841369100000001,2.7090174300000003,16786000.0,0.0,0.0,0.0
337,2005-04-26,8.8,,,1.70219354,2.09692804,593000.0,0.0,0.0,0.0
338,2005-05-03,10.8,6.4,,0.54730648,0.7090976200000001,2930000.0,0.0,0.0,0.0
339,2005-05-05,,,5.346441555,,,,,,
340,2005-05-10,10.0,6.5,1.35021486,0.59114862,0.6586604400000001,3241000.0,0.0,86000.0,0.0
341,2005-05-26,10.3,6.02,5.476631940000001,4.46451789,6.68036649,231000.0,0.0,0.0,0.0
342,2005-05-31,14.4,6.56,6.029894280000001,2.0206619999999997,3.46511144,2157000.0,0.0,0.0,0.0
343,2005-06-07,16.1,3.35,9.125634224999999,0.91131886,1.12229468,6732000.0,0.0,0.0,0.0
344,2005-06-14,20.8,5.5,,1.26211848,1.9284342000000003,1921000.0,0.0,0.0,0.0
345,2005-06-15,,,2.34,,,,,,
346,2005-06-20,18.2,13.1,0.4473007,1.09135924,1.65998024,3867000.0,0.0,0.0,0.0
347,2005-06-27,20.5,5.34,2.99012677,1.23815748,1.9278609,3117000.0,0.0,0.0,0.0
348,2005-07-05,21.5,4.17,1.81393341,0.8768914399999999,1.16543344,5249000.0,0.0,0.0,0.0
349,2005-07-11,20.5,15.46,8.49266476,1.07293228,1.5803592800000001,5097000.0,0.0,0.0,0.0
350,2005-07-18,22.2,6.26,1.750081605,1.23203052,1.9410536600000001,3324000.0,0.0,0.0,0.0
351,2005-07-25,22.3,9.02,5.291416605,0.8819025600000001,1.21544256,3668000.0,0.0,0.0,0.0
352,2005-08-01,22.8,4.99,4.74163228,0.83202124,1.39311224,2693000.0,0.0,0.0,0.0
353,2005-08-08,23.3,5.26,20.523668590000003,2.07167394,3.15505218,61000.0,0.0,0.0,0.0
354,2005-08-15,24.2,7.55,31.878919815000003,2.4416413800000005,2.773939080000001,524000.0,0.0,0.0,0.0
355,2005-08-22,22.3,17.54,16.05894437,1.39521948,2.15940648,2154000.0,0.0,0.0,0.0
356,2005-08-30,23.0,4.39,2.0813600899999996,0.92710376,1.38226576,5921000.0,0.0,0.0,0.0
357,2005-09-06,22.4,14.69,11.04611736,2.57537532,3.86065218,8471000.0,0.0,0.0,0.0
358,2005-09-12,21.0,14.98,2.56998216,2.0395907,2.8178763200000003,20875000.0,0.0,0.0,0.0
359,2005-09-21,20.8,9.74,3.52124318,3.46059518,4.45155868,3714000.0,0.0,0.0,0.0
360,2005-09-26,20.1,3.6,7.673022045,4.26578418,5.41356704,979000.0,0.0,0.0,0.0
361,2005-10-03,18.8,3.09,4.275398595,1.35481374,2.1265764799999998,10899000.0,0.0,0.0,0.0
362,2005-10-12,17.0,3.78,18.724336530000002,15.974037959999999,21.12441096,115400.0,0.0,0.0,0.0
363,2005-10-17,16.0,1.26,21.07673064,14.537284559999996,19.599814559999995,27500.0,0.0,0.0,0.0
364,2005-10-21,13.9,1.55,37.71371193499999,25.04090145,37.098250889999996,25800.0,0.0,0.0,0.0
365,2005-10-31,11.8,1.73,34.71444097,19.00297492,28.52690792,51400.0,0.0,0.0,0.0
366,2005-11-04,12.8,3.25,27.541537840000004,17.37352704,27.890855039999998,100400.0,0.0,0.0,0.0
367,2005-11-14,12.0,3.75,26.76327374,14.67192252,24.37720152,538000.0,0.0,0.0,0.0
368,2005-11-21,10.5,7.43,26.53079152,12.61424696,22.10681296,155900.0,0.0,0.0,0.0
369,2005-11-28,7.2,1.82,47.71772978,26.938592380000003,46.31785388,52000.0,0.0,0.0,0.0
370,2005-12-05,7.2,2.1,26.938976385000004,15.805389320000002,26.196290320000003,45100.0,0.0,0.0,0.0
371,2005-12-12,5.7,1.59,24.8464839,13.896386,23.442628000000003,49900.0,0.0,0.0,0.0
372,2005-12-19,3.7,1.76,26.67198646,15.181108700000001,26.1796702,154600.0,0.0,0.0,0.0
373,2005-12-29,5.4,7.4,22.21870695,11.8117128,22.6259808,1771000.0,0.0,0.0,0.0
374,2006-01-04,4.5,4.94,23.95527174,16.19533414,30.47268764,3323000.0,0.0,0.0,0.0
375,2006-01-09,4.8,4.29,19.41825214,12.82231838,24.74559388,3185000.0,0.0,0.0,0.0
376,2006-01-10,,,19.32705,11.109816714999997,21.320655429999995,,,,
377,2006-01-18,5.0,0.92,16.60511753,12.38918352,22.526771519999997,48000.0,0.0,0.0,0.0
378,2006-01-23,4.0,1.59,32.352604975,22.8179502,40.2748812,32300.0,0.0,0.0,0.0
379,2006-01-30,6.0,2.07,19.511240935,12.117596449999999,22.01481145,31000.0,0.0,0.0,0.0
380,2006-02-06,5.2,1.87,20.62383425,13.582490100000001,24.3077691,7200.0,0.0,0.0,0.0
381,2006-02-16,,1.74,,9.593089149999999,18.247178149999996,196000.0,0.0,0.0,0.0
382,2006-02-22,2.7,3.18,17.16983645,8.2373249,16.1530519,75000.0,0.0,0.0,0.0
383,2006-03-01,2.5,5.03,9.65608774,3.1229916,5.902692600000001,317000.0,0.0,0.0,0.0
384,2006-03-06,2.2,3.95,3.7803959750000002,0.7930419,1.3571859,285000.0,0.0,0.0,0.0
385,2006-03-13,4.8,3.04,1.2995907949999999,0.8547041,1.3980541,201000.0,0.0,0.0,0.0
386,2006-03-20,4.0,1.45,1.4609066949999998,2.3593653000000003,4.309930800000001,303000.0,0.0,0.0,0.0
387,2006-03-22,,,11.512652274999999,2.633406,4.4455990000000005,,,,
388,2006-03-27,5.2,2.05,1.92780098,0.9084342000000001,1.5411012000000002,376000.0,0.0,0.0,0.0
389,2006-04-03,7.7,0.99,5.468713785,1.3224041,2.3188381000000002,575000.0,0.0,0.0,0.0
390,2006-04-13,,1.17,,0.9196058,1.5322918,785000.0,0.0,0.0,0.0
391,2006-04-17,10.4,4.55,0.24333758499999997,0.9672986,1.7063536000000001,8501000.0,0.0,0.0,0.0
392,2006-04-24,,3.41,1.870741395,0.7621201000000001,1.2971711000000001,3909000.0,0.0,0.0,0.0
393,2006-05-03,12.0,1.34,4.797299130000001,0.8745823,1.4721743000000003,1699000.0,0.0,0.0,0.0
394,2006-05-16,11.8,1.5,12.94700526,10.521611100000001,16.1421111,37000.0,0.0,0.0,0.0
395,2006-05-22,13.0,5.47,,,,154000.0,0.0,0.0,0.0
396,2006-05-26,15.0,4.31,6.053449329999999,1.0489875,1.5870595,1434000.0,0.0,0.0,0.0
397,2006-06-05,18.0,8.28,0.753713935,0.7939589999999999,1.1510854999999998,8055000.0,0.0,0.0,0.0
398,2006-06-13,19.0,2.73,,0.7511745000000001,1.0998590000000001,8280000.0,0.0,0.0,0.0
399,2006-06-19,19.5,3.34,,1.28217824,1.92785824,8280000.0,0.0,0.0,0.0
400,2006-06-28,21.0,4.82,0.42764024999999994,0.7265744999999999,1.086729,17035000.0,0.0,0.0,0.0
401,2006-07-11,22.0,3.71,3.04771558,1.0202105000000001,1.3725660000000002,6408000.0,0.0,0.0,0.0
402,2006-07-15,,,46.364953979999996,,,,,,
403,2006-07-18,23.5,3.46,0.431516745,0.6022435,0.7700075000000001,26930000.0,0.0,0.0,0.0
404,2006-07-24,21.7,9.94,8.22126184,0.4437645,0.6113995,6861000.0,0.0,0.0,0.0
405,2006-07-31,24.3,3.98,3.739442755,0.5522020000000001,0.7176485000000001,18172000.0,0.0,0.0,0.0
406,2006-08-08,23.3,2.76,18.267766809999998,0.5665585,0.6714415,632000.0,0.0,0.0,0.0
407,2006-08-14,21.8,4.25,11.752012215,0.6943255,0.8140795000000001,20121000.0,0.0,0.0,0.0
408,2006-08-22,21.8,4.63,,2.5308875699999995,2.98202257,1203000.0,0.0,0.0,0.0
409,2006-08-28,20.7,4.46,13.36393391,,,691000.0,0.0,0.0,0.0
410,2006-09-06,19.7,4.38,,2.19342816,2.81033816,2277000.0,0.0,0.0,0.0
411,2006-09-11,19.7,8.18,1.53754343,0.31895766,0.41338065999999996,2564000.0,0.0,0.0,0.0
412,2006-09-18,20.0,6.57,0.10830632250000002,0.41495916,0.56064666,1585000.0,0.0,0.0,0.0
413,2006-09-25,19.2,2.27,7.07328637,1.60236607,1.81289057,416000.0,0.0,0.0,0.0
414,2006-10-02,17.6,12.35,11.688769789999998,2.81077186,3.57735486,674000.0,0.0,0.0,0.0
415,2006-10-12,17.0,12.87,2.65268564,0.33374449500000003,0.43249561500000006,5231000.0,0.0,0.0,0.0
416,2006-10-16,15.1,12.9,3.0029052099999998,0.3612482800000001,0.43308992000000013,4488000.0,0.0,0.0,0.0
417,2006-10-23,14.2,6.53,4.066606875,1.13943402,1.5713340599999999,3397000.0,0.0,0.0,0.0
418,2006-10-30,12.0,5.18,7.928685175,3.516307345,4.751453465,351000.0,0.0,0.0,0.0
420,2006-11-06,10.4,6.27,13.8035246,6.9872891425,10.5976208025,205000.0,0.0,0.0,0.0
419,2006-11-06,10.4,6.27,13.8035246,6.934144065,9.870947025,205000.0,0.0,0.0,0.0
421,2006-11-15,12.0,10.33,26.076550615,17.42811665,26.763786370000005,127000.0,0.0,0.0,0.0
422,2006-11-20,11.6,10.52,30.662976360000002,19.70782464,31.11798704,326000.0,0.0,0.0,0.0
423,2006-11-27,9.2,3.67,32.611113304999996,17.195362440000004,27.800723440000006,374000.0,0.0,0.0,0.0
424,2006-12-04,10.0,3.95,27.346453925,16.036538460000003,25.651785660000005,252000.0,0.0,0.0,0.0
425,2006-12-11,7.2,5.69,20.42796383,12.5893531,20.838519740000002,772000.0,0.0,0.0,0.0
426,2006-12-20,7.0,11.24,11.91795273,8.062748385,14.453839585,1330000.0,0.0,0.0,0.0
427,2006-12-27,7.8,2.58,21.92278376,13.908124515,25.426492675000002,92000.0,0.0,0.0,0.0
428,2007-01-03,6.7,3.78,19.836272074999997,12.415013,22.323731000000002,42000.0,0.0,0.0,0.0
429,2007-01-10,7.0,4.58,,,,100000.0,0.0,0.0,0.0
430,2007-01-17,5.7,12.83,25.92825,13.07427416,25.67804732,185000.0,0.0,0.0,0.0
431,2007-01-22,4.4,2.59,19.093725,8.73324205,16.979541099999995,156000.0,0.0,0.0,0.0
432,2007-01-29,2.5,4.29,18.691575,8.81907176,17.235283520000003,442000.0,0.0,0.0,0.0
433,2007-02-05,2.3,11.22,9.597749999999998,3.968462455,7.52474491,1198000.0,0.0,152000.0,0.0
434,2007-02-13,1.4,19.14,1.498275,0.46816122,0.66044694,4031000.0,0.0,663000.0,0.0
435,2007-02-21,1.0,10.5,,0.5411143700000001,0.7633822400000001,1576000.0,0.0,98000.0,0.0
436,2007-02-26,1.2,11.12,,0.35522869999999995,0.48455239999999994,1699000.0,0.0,195000.0,0.0
437,2007-03-03,,4.98,,,,,,,
438,2007-03-05,3.1,,,0.36091016,0.51840332,697000.0,0.0,55000.0,0.0
439,2007-03-12,1.6,3.96,1.2275625,0.6189453500000001,0.8545307000000001,356000.0,0.0,17000.0,0.0
440,2007-03-19,3.5,7.67,0.9723,1.5328200600000002,2.4543061200000005,525000.0,0.0,185000.0,0.0
441,2007-03-29,5.8,14.56,0.556725,0.61971519,0.9221413799999999,835000.0,0.0,267000.0,0.0
442,2007-04-02,6.0,4.71,,0.614929565,0.8368316299999999,1407000.0,0.0,45000.0,0.0
443,2007-04-09,5.0,4.2,1.72125,0.33983329500000004,0.46959309000000005,1300000.0,0.0,0.0,0.0
444,2007-04-18,6.2,17.35,3.93008,0.3329,0.47709999999999997,3175000.0,0.0,0.0,0.0
445,2007-04-23,8.9,23.99,5.955220000000001,0.2093,0.22990000000000002,4363000.0,0.0,0.0,0.0
446,2007-05-04,11.7,9.74,7.110955000000001,0.15810000000000002,0.15810000000000002,3174000.0,0.0,0.0,0.0
447,2007-05-07,10.3,22.34,5.0316600000000005,0.0918,0.0918,5830000.0,0.0,0.0,0.0
448,2007-05-14,14.2,14.89,1.77983,0.18415,0.28915,12258000.0,0.0,0.0,0.0
449,2007-05-21,12.5,8.62,3.77562,0.11730000000000002,0.15230000000000002,2606000.0,0.0,0.0,0.0
450,2007-05-30,17.0,4.32,1.99608,0.1428,0.1728,353000.0,0.0,0.0,0.0
451,2007-06-04,17.2,3.42,7.0768474999999995,0.30665000000000003,0.37360000000000004,317000.0,0.0,0.0,0.0
452,2007-06-11,18.4,16.86,4.7073625,0.3163,0.32660000000000006,10466000.0,0.0,0.0,0.0
453,2007-06-18,18.2,4.38,5.35942,0.0357,0.0357,992000.0,0.0,0.0,0.0
454,2007-06-25,19.0,3.82,3.376695,0.11735000000000001,0.17500000000000002,3247000.0,0.0,0.0,0.0
455,2007-07-05,18.7,5.8,12.77121,0.37405,0.5543,925000.0,0.0,0.0,0.0
456,2007-07-09,20.5,2.91,17.515285,0.0766,0.09425,715000.0,0.0,0.0,0.0
457,2007-07-16,22.0,5.04,23.29667,0.0459,0.0509,3201000.0,0.0,0.0,0.0
458,2007-07-23,22.4,15.13,12.157195,0.1734,0.1809,18461000.0,0.0,0.0,0.0
459,2007-07-30,23.5,5.4,5.3951175,0.49535,0.5623,5019000.0,0.0,0.0,0.0
460,2007-08-06,23.5,6.81,16.589892499999998,0.38335,0.47090000000000004,522000.0,0.0,0.0,
461,2007-08-13,22.9,13.66,25.608135,0.1734,0.2084,2051000.0,0.0,0.0,
462,2007-08-17,22.6,10.85,15.944099999999999,0.11220000000000001,0.1297,7976000.0,0.0,0.0,0.0
463,2007-08-25,21.2,3.64,23.911195,0.1582,0.1882,741000.0,0.0,0.0,0.0
464,2007-08-30,21.4,2.32,30.525844999999997,0.4156500000000001,0.6783000000000001,1033000.0,0.0,0.0,0.0
465,2007-09-07,21.5,12.96,30.055885,2.4747500000000002,3.6541,1912000.0,1000.0,0.0,0.0
466,2007-09-17,19.0,,,,,3751000.0,3000.0,0.0,0.0
467,2007-09-19,,18.33,43.67878,3.9433,6.6728,,,,
468,2007-09-24,19.7,13.71,32.49094,0.1071,0.15710000000000002,8660000.0,4000.0,22000.0,0.0
469,2007-10-01,19.3,16.16,26.469,1.49365,1.952,3445000.0,3000.0,0.0,0.0
470,2007-10-09,19.6,3.93,29.264337499999996,5.996650000000001,7.474700000000001,2982000.0,0.0,0.0,0.0
471,2007-10-18,16.9,12.93,28.353735,6.0655,8.8568,2179000.0,0.0,0.0,0.0
472,2007-10-25,16.9,9.93,19.1025,6.0925,9.715,983000.0,0.0,0.0,0.0
473,2007-10-30,14.9,6.84,28.9725,10.82975,16.1795,,,,
474,2007-11-05,14.0,,,,,264000.0,0.0,0.0,
475,2007-11-06,,6.27,33.7175,15.80725,24.674500000000002,,,,
476,2007-11-13,10.6,4.51,34.89,15.72775,25.3405,2851000.0,0.0,0.0,
477,2007-11-20,,3.48,35.82244,23.564,38.873,347000.0,0.0,0.0,
478,2007-11-28,8.6,,30.4075,15.251249999999999,25.357499999999998,473000.0,0.0,0.0,0.0
479,2007-11-29,,2.69,,,,,,,
480,2007-12-05,4.6,3.03,28.94581,14.8765,25.093,418000.0,0.0,0.0,0.0
481,2007-12-12,4.8,5.77,29.5975,14.45975,25.8995,827000.0,0.0,4000.0,0.0
482,2007-12-19,1.5,7.51,24.800959999999996,15.241500000000002,29.553000000000004,399000.0,0.0,0.0,0.0
483,2008-01-02,3.8,48.03,,0.30074999999999996,,130163000.0,0.0,1877000.0,0.0
484,2008-01-09,3.9,36.88,,0.21600000000000003,,14188000.0,0.0,1181000.0,0.0
485,2008-01-16,3.6,24.59,0.9742,,,6110000.0,0.0,1144000.0,0.0
486,2008-01-23,3.3,3.33,1.4815,0.5135000000000001,0.6920000000000001,481000.0,0.0,33000.0,0.0
487,2008-01-30,2.6,7.06,0.644375,1.73625,2.9175,937000.0,0.0,343000.0,0.0
488,2008-02-06,3.6,12.13,2.1820499999999994,0.364,0.5529999999999999,3052000.0,0.0,1863000.0,0.0
489,2008-02-14,2.6,30.32,,0.16525,,6240000.0,0.0,3105000.0,0.0
490,2008-02-19,3.6,30.62,,,,4348000.0,0.0,810000.0,0.0
491,2008-02-27,3.7,29.98,,0.5105,0.836,9312000.0,0.0,2363000.0,0.0
492,2008-03-01,,,,0.18325000000000002,0.25150000000000006,,,,
493,2008-03-03,2.6,,,,,4538000.0,0.0,1178000.0,0.0
494,2008-03-10,4.7,20.36,6.4749,0.31200000000000006,0.4590000000000001,3417000.0,0.0,513000.0,0.0
495,2008-03-19,4.9,18.27,,,,3120000.0,0.0,130000.0,0.0
496,2008-03-24,4.3,15.52,,0.7792500000000002,1.4985000000000004,3385000.0,0.0,119000.0,
497,2008-03-31,5.5,7.34,2.247875,0.15100000000000002,,0.0,0.0,0.0,
498,2008-04-07,6.6,16.41,4.86,0.25625,0.49250000000000005,2616000.0,0.0,0.0,
499,2008-04-07,6.6,16.41,4.86,0.0793,,2616000.0,0.0,0.0,
500,2008-04-14,8.5,8.07,,,,1225000.0,0.0,0.0,
501,2008-04-21,10.3,,,,,964000.0,0.0,0.0,
502,2008-04-29,11.2,7.2,3.4369875,1.7045000000000001,2.4290000000000003,510000.0,0.0,0.0,
503,2008-05-02,,,,,,,,,
504,2008-05-07,11.2,,,0.0793,,712000.0,0.0,0.0,
505,2008-05-15,12.3,6.08,10.0734,1.9795,3.4145000000000003,123000.0,0.0,0.0,
506,2008-05-20,12.1,3.79,8.448525,1.3194500000000002,,342000.0,0.0,0.0,
507,2008-05-27,13.9,3.93,10.022625,0.21400000000000002,,773000.0,0.0,0.0,
508,2008-06-04,,,11.896962499999999,0.4717,,439000.0,0.0,0.0,
509,2008-06-10,,2.67,12.1408125,0.36635,,1375000.0,0.0,0.0,
510,2008-06-18,18.4,8.96,,,,8456000.0,0.0,0.0,
511,2008-06-22,20.4,4.22,16.697362499999997,0.2585,,4511000.0,0.0,0.0,
512,2008-07-02,21.3,2.61,,0.3814,0.4364,468000.0,0.0,0.0,
513,2008-07-08,22.4,5.96,,0.0713,,12015000.0,0.0,0.0,
514,2008-07-15,23.7,4.25,,0.21280000000000004,0.28280000000000005,1554000.0,0.0,0.0,
515,2008-07-22,24.4,6.79,,0.3769,0.40190000000000003,2733000.0,0.0,0.0,
516,2008-07-29,24.1,12.93,,0.5446,0.5995999999999999,5593001.0,0.0,0.0,
517,2008-08-05,23.1,6.81,,0.1272,,4629000.0,0.0,0.0,
518,2008-08-13,22.3,18.22,1.771875,0.30989999999999995,0.3599,5177000.0,8000.0,0.0,
519,2008-08-20,21.4,7.35,,,,10326000.0,0.0,0.0,
520,2008-08-25,21.7,,1.508325,0.2141,0.3541,6379000.0,0.0,0.0,0.0
521,2008-08-26,,5.72,,,,,,,
522,2008-08-30,,,5.233874999999999,0.0,,,,,
523,2008-09-03,21.7,5.18,15.0148875,2.21535,3.0803499999999997,62000.0,0.0,0.0,0.0
524,2008-09-09,21.6,,19.3554375,0.7549999999999999,0.9449999999999998,1034000.0,0.0,0.0,0.0
525,2008-09-10,,8.12,,,,,,,
526,2008-09-15,,2.77,,,,,,,
527,2008-09-16,20.4,,15.750712499999999,,,60000.0,0.0,0.0,0.0
528,2008-09-23,18.8,7.91,29.730262499999995,,,113000.0,0.0,0.0,0.0
529,2008-09-30,19.0,10.37,,10.129059999999999,15.592419999999999,1290000.0,0.0,0.0,0.0
530,2008-10-08,15.3,40.73,,0.14293,0.20341,13623000.0,0.0,0.0,0.0
531,2008-10-14,16.9,,,0.32875,0.42955,1624000.0,0.0,0.0,0.0
532,2008-10-15,,4.3,,,,,,,
533,2008-10-20,,3.09,,,,,,,
534,2008-10-21,13.4,,,7.437710000000001,9.952670000000001,26000.0,0.0,0.0,0.0
535,2008-10-28,13.6,3.75,,6.20266,9.020019999999999,26000.0,0.0,0.0,0.0
536,2008-11-05,11.1,4.65,,9.25339,17.34763,196000.0,0.0,0.0,0.0
537,2008-11-10,12.0,1.79,,10.09069,16.72333,7000.0,0.0,0.0,0.0
538,2008-11-18,11.0,4.71,,8.68263,13.85871,91000.0,0.0,0.0,0.0
539,2008-11-25,6.6,4.1,,9.04196,15.387319999999999,636000.0,0.0,0.0,0.0
540,2008-12-02,6.5,4.93,,11.598679999999998,20.151559999999996,1075000.0,0.0,2000.0,0.0
541,2008-12-09,5.5,,,9.55829,17.249329999999997,1866000.0,0.0,0.0,0.0
542,2008-12-10,,6.91,,,,,,,
543,2008-12-17,6.1,2.6,,18.917499999999997,32.878299999999996,841000.0,0.0,0.0,0.0
544,2008-12-22,4.2,3.73,,11.762729999999998,20.164409999999997,125000.0,0.0,0.0,0.0
545,2008-12-30,5.3,2.1,,9.089879999999999,15.67716,43000.0,0.0,0.0,0.0
546,2009-01-06,2.7,2.2,24.9,11.132039999999998,19.528679999999994,122000.0,0.0,0.0,0.0
547,2009-01-09,,,,,,,,,
548,2009-01-13,2.0,1.49,,,,137000.0,0.0,0.0,0.0
549,2009-01-16,,,23.75,11.794,19.759,,,,
550,2009-01-20,0.6,1.51,26.29,15.896099999999999,27.9147,173000.0,0.0,0.0,0.0
551,2009-01-27,2.1,2.18,,,,242000.0,0.0,0.0,0.0
552,2009-02-02,2.4,2.38,,4.5426,8.45805,207000.0,0.0,69000.0,0.0
553,2009-02-09,2.3,2.63,,,,110000.0,0.0,10000.0,0.0
554,2009-02-16,2.8,2.65,,,,200000.0,0.0,111000.0,0.0
555,2009-02-24,2.3,7.48,,,,608000.0,0.0,369000.0,0.0
556,2009-03-03,1.7,,,,,921000.0,0.0,717000.0,0.0
557,2009-03-04,,14.39,,,,,,,
558,2009-03-11,,2.79,,,,,,,
559,2009-03-12,3.7,,,,,92000.0,0.0,56000.0,0.0
560,2009-03-23,4.3,5.36,,,,1737000.0,0.0,593000.0,0.0
561,2009-03-30,5.7,,,0.22605,0.3201,593000.0,0.0,5000.0,0.0
562,2009-04-07,7.2,7.38,0.57,0.21000000000000002,0.36885,3916000.0,0.0,643000.0,0.0
563,2009-04-13,6.6,7.33,1.29,0.21250000000000002,0.34885,5147000.0,0.0,533000.0,0.0
564,2009-04-20,9.3,5.51,,,,3474000.0,0.0,151000.0,0.0
565,2009-04-27,11.6,,0.46,0.34450000000000003,0.44980000000000003,2188000.0,0.0,53000.0,0.0
566,2009-05-04,12.4,1.66,0.42,0.23400000000000004,,741000.0,0.0,0.0,0.0
567,2009-05-14,12.7,3.26,,,,1561000.0,0.0,0.0,0.0
568,2009-05-18,13.2,6.34,0.83,0.15265,0.18905,1706000.0,0.0,0.0,0.0
569,2009-05-27,14.4,3.28,0.57,0.14035000000000003,,1153000.0,0.0,0.0,0.0
570,2009-06-08,16.7,6.24,,,,4815000.0,0.0,0.0,0.0
571,2009-06-15,17.5,7.89,,0.13925,,13068000.0,0.0,0.0,0.0
572,2009-06-23,17.1,8.14,,0.7859499999999999,0.96275,4680000.0,0.0,0.0,0.0
573,2009-06-29,18.6,2.84,18.83,0.23720000000000005,0.3384250000000001,672000.0,0.0,0.0,0.0
574,2009-07-09,20.0,7.43,9.21,0.20055,,5003000.0,0.0,0.0,0.0
575,2009-07-13,19.7,4.54,,,,1773000.0,0.0,0.0,0.0
576,2009-07-20,21.3,3.83,8.77,0.15044999999999997,,3390000.0,0.0,0.0,0.0
577,2009-07-27,21.3,7.94,,0.6032000000000001,0.7228000000000001,10784000.0,0.0,0.0,0.0
578,2009-08-03,22.9,7.05,2.99,0.24980000000000002,0.3867,20446000.0,0.0,0.0,0.0
579,2009-08-10,22.0,7.16,,,,25849000.0,0.0,0.0,0.0
580,2009-08-18,22.9,4.12,,,,,0.0,0.0,0.0
581,2009-08-20,,,11.72,0.2484,,,,,
582,2009-09-04,20.8,7.66,,,,17383000.0,0.0,0.0,0.0
583,2009-09-08,21.0,7.76,,,,11863000.0,0.0,0.0,0.0
584,2009-09-14,19.7,4.04,,,,387000.0,0.0,0.0,0.0
585,2009-09-21,18.7,3.88,,,,466000.0,0.0,0.0,0.0
586,2009-09-28,18.6,3.92,,,,380000.0,0.0,0.0,0.0
587,2009-10-08,16.9,7.21,,,,541000.0,0.0,0.0,0.0
588,2009-10-14,15.1,3.72,,,,83000.0,0.0,0.0,0.0
589,2009-10-19,11.9,2.34,,,,100000.0,0.0,0.0,0.0
590,2009-10-26,12.6,2.92,,,,142000.0,0.0,0.0,0.0
591,2009-11-02,12.8,1.96,,,,127000.0,0.0,0.0,0.0
592,2009-11-09,11.0,1.49,,,,180000.0,0.0,0.0,0.0
593,2009-11-16,11.3,1.21,26.56,17.134999999999998,27.464999999999996,124000.0,0.0,0.0,0.0
594,2009-11-23,10.7,2.62,26.3325,15.795,25.67,438000.0,0.0,0.0,0.0
595,2009-11-30,10.2,1.78,18.38,10.56105,16.77105,126000.0,0.0,0.0,0.0
596,2009-12-09,8.25,1.36,22.29,12.73,20.52,123000.0,0.0,0.0,0.0
597,2009-12-14,6.19,1.74,22.92,13.05,21.345,209000.0,0.0,0.0,0.0
598,2009-12-21,3.38,1.4,23.09,13.555,23.23,186000.0,0.0,0.0,0.0
599,2009-12-31,4.09,2.32,15.38,9.8661,17.8611,728000.0,0.0,0.0,0.0
600,2010-01-04,2.57,2.44,17.82,11.22,20.565,1084000.0,0.0,0.0,0.0
601,2010-01-13,1.51,6.31,12.32,7.95,15.790000000000001,5010000.0,0.0,0.0,0.0
602,2010-01-19,2.26,8.13,8.12,6.365,12.365,8367000.0,0.0,53000.0,0.0
603,2010-01-26,3.81,22.64,,0.37,0.585,19612000.0,0.0,8000.0,0.0
604,2010-02-02,1.0,10.01,,0.17946600000000001,0.19493200000000002,10633000.0,0.0,0.0,0.0
605,2010-02-09,0.04,6.1,,2.7990000000000004,3.3580000000000005,4735000.0,0.0,25000.0,0.0
606,2010-02-16,1.38,2.08,,0.8180000000000001,1.2269999999999999,1481000.0,0.0,7000.0,0.0
607,2010-02-23,2.3,1.01,,0.843,1.238,374000.0,0.0,0.0,0.0
608,2010-03-02,2.99,2.05,,4.1899999999999995,5.819999999999999,995000.0,0.0,223000.0,0.0
609,2010-03-09,4.0,7.91,,2.437,2.904,3441000.0,0.0,1575000.0,0.0
610,2010-03-16,4.49,7.84,,4.875,7.91,2144000.0,0.0,687000.0,0.0
611,2010-03-20,6.51,7.92,,2.0665,2.3729999999999998,7142000.0,0.0,972000.0,0.0
612,2010-03-29,5.47,9.87,,0.5345,0.6499999999999999,6085000.0,0.0,126000.0,0.0
613,2010-04-05,11.8,3.97,,18.44,32.7505,4516000.0,0.0,10000.0,0.0
614,2010-04-12,,6.46,,,,,,,
615,2010-04-13,10.7,29.8,,6.255,9.2,49346000.0,0.0,102000.0,0.0
616,2010-04-20,9.55,0.99,,6.945,10.635,907000.0,0.0,28000.0,0.0
617,2010-04-27,10.5,11.72,,3.815,6.384999999999999,172000.0,0.0,0.0,0.0
618,2010-05-04,12.3,0.79,,2.251622726600621,2.9131227266006205,54000.0,0.0,0.0,0.0
619,2010-05-11,11.8,3.45,,1.1016775839124648,1.230177583912465,232000.0,0.0,0.0,0.0
620,2010-05-17,13.6,3.63,,0.7265615111636846,0.8850615111636846,1116000.0,0.0,0.0,0.0
621,2010-05-28,18.0,2.61,,1.2683706195475382,1.511870619547538,4942000.0,0.0,0.0,0.0
622,2010-06-08,19.5,9.8,,1.6761080141948836,1.9756080141948835,18410000.0,0.0,0.0,0.0
623,2010-06-15,18.1,8.86,,0.5578735768150229,0.8308735768150229,12709000.0,0.0,0.0,0.0
624,2010-06-21,20.4,2.09,,2.2684655590388845,3.4584655590388844,4607000.0,0.0,0.0,0.0
625,2010-06-28,21.9,4.41,,2.230464069200059,2.4999640692000593,8239000.0,0.0,0.0,0.0
626,2010-07-06,23.5,1.56,,1.7192220907881117,2.3922220907881115,9307000.0,0.0,0.0,0.0
627,2010-07-12,23.8,3.11,,0.3010544137217211,0.5380544137217211,2913000.0,0.0,0.0,0.0
628,2010-07-19,24.6,5.96,,1.7346378086647936,2.233137808664794,18144000.0,0.0,0.0,0.0
629,2010-07-26,23.7,9.46,,0.7658784563063729,1.1378784563063729,11127000.0,0.0,0.0,0.0
630,2010-08-06,23.2,3.88,,0.1761930356350732,0.3006930356350732,742000.0,0.0,0.0,0.0
631,2010-08-12,23.9,,,1.270633077036818,1.641133077036818,4650000.0,0.0,0.0,0.0
632,2010-08-20,23.5,10.04,,1.4703881413573856,2.2153881413573857,8015000.0,0.0,0.0,0.0
633,2010-08-25,19.9,5.32,,7.3937629750110885,8.106762975011089,1663000.0,0.0,0.0,0.0
634,2010-08-31,23.1,1.58,,1.7055809551973975,2.293580955197397,5782000.0,0.0,0.0,0.0
635,2010-09-08,21.4,3.07,,4.717671151855685,6.187671151855684,946000.0,1000.0,0.0,0.0
636,2010-09-15,19.8,2.89,,7.0571003992311105,8.64710039923111,599000.0,0.0,0.0,0.0
637,2010-09-20,19.3,3.83,,4.497226083099216,6.477226083099216,628000.0,0.0,0.0,0.0
638,2010-09-27,19.5,3.22,,2.29365,2.66255,690000.0,0.0,0.0,0.0
639,2010-10-05,18.1,6.55,,11.469649999999998,14.634549999999997,2101000.0,8000.0,0.0,0.0
640,2010-10-12,16.6,1.79,,12.539650000000002,17.07955,363000.0,0.0,0.0,0.0
641,2010-10-18,14.8,1.75,,11.94465,17.294549999999997,276000.0,0.0,0.0,0.0
642,2010-10-25,12.9,11.6,,8.07465,13.989550000000001,2102000.0,1000.0,0.0,0.0
643,2010-11-03,12.0,7.07,,1.9429999999999998,2.6209999999999996,3727000.0,0.0,0.0,0.0
644,2010-11-08,11.0,0.94,,5.62465,7.56955,531000.0,0.0,0.0,0.0
645,2010-11-16,9.5,3.13,,16.065,24.32,1474000.0,0.0,0.0,0.0
646,2010-11-22,6.1,1.93,,10.754999999999999,16.93,825000.0,0.0,0.0,0.0
647,2010-11-29,4.4,2.67,,8.71465,14.48955,987000.0,0.0,0.0,0.0
648,2010-12-06,6.8,1.75,,11.40505,18.08535,392000.0,0.0,0.0,0.0
649,2010-12-14,4.4,4.74,,14.31255,21.06035,565000.0,0.0,0.0,0.0
650,2010-12-20,2.7,6.03,,9.84355,18.41285,946000.0,0.0,0.0,0.0
651,2010-12-30,1.8,16.19,,6.15915,11.114050000000002,1179000.0,0.0,40000.0,0.0
652,2011-01-05,3.0,19.92,,0.8296499999999999,1.4845499999999998,2921000.0,0.0,670000.0,0.0
653,2011-01-11,2.2,15.82,,1.3159999999999998,1.7244999999999997,4991000.0,0.0,492000.0,0.0
654,2011-01-20,1.6,5.16,,1.55225,2.57015,3515000.0,0.0,77000.0,0.0
655,2011-01-24,0.6,11.02,,1.687655,2.952555,3281000.0,0.0,43000.0,0.0
656,2011-02-01,0.5,8.13,,3.89715,4.659549999999999,3539000.0,0.0,12000.0,0.0
657,2011-02-11,0.2,2.06,,2.70965,3.6245499999999997,1185000.0,0.0,0.0,0.0
658,2011-02-21,1.4,10.04,,1.9051500000000001,2.96105,2816000.0,0.0,3000.0,0.0
659,2011-03-02,2.2,12.4,,1.9605000000000001,2.821,2275000.0,0.0,0.0,0.0
660,2011-03-09,3.8,21.78,,4.3549999999999995,7.03,2840000.0,0.0,0.0,0.0
661,2011-03-14,4.7,11.29,,2.54,3.8550000000000004,2324000.0,0.0,0.0,0.0
662,2011-03-23,4.7,8.93,,5.3999999999999995,7.245,2033000.0,0.0,0.0,0.0
663,2011-04-01,4.4,2.76,,5.125,6.535,1253000.0,0.0,7000.0,0.0
664,2011-04-12,7.5,0.43,,2.59,4.0249999999999995,8720000.0,0.0,310000.0,0.0
665,2011-04-19,,10.22,,,,,,,
666,2011-04-20,8.5,,,1.7494999999999998,2.4875,14207666.666666668,0.0,262000.0,0.0
667,2011-04-25,9.3,2.09,,1.9465000000000001,3.028,2131000.0,0.0,114000.0,0.0
668,2011-05-02,12.5,5.25,,4.135,6.944999999999999,588000.0,0.0,404000.0,0.0
669,2011-05-12,11.7,4.45,,1.366,2.179,1791000.0,0.0,13000.0,0.0
670,2011-05-17,11.7,1.89,,2.4765,3.3930000000000002,569000.0,0.0,0.0,0.0
671,2011-05-23,13.5,4.23,,1.37,2.0805000000000002,1786000.0,0.0,0.0,0.0
672,2011-05-31,18.5,3.75,,1.7614999999999998,2.784,4361000.0,0.0,0.0,0.0
673,2011-06-06,17.6,2.99,,2.9289999999999994,3.462999999999999,19456000.0,0.0,0.0,0.0
674,2011-06-13,17.9,8.68,,1.412,2.0749999999999997,3527000.0,0.0,0.0,0.0
675,2011-06-22,20.3,2.47,,2.9425,3.58,3212000.0,0.0,0.0,0.0
676,2011-06-30,21.2,4.02,,2.3930000000000002,3.4160000000000004,5825000.0,0.0,0.0,0.0
677,2011-07-05,21.8,2.6,,1.377,2.104,2659000.0,0.0,0.0,0.0
678,2011-07-11,23.1,3.48,,11.274999999999999,12.269999999999998,11907000.0,0.0,0.0,0.0
679,2011-07-18,21.4,2.08,,1.099,1.7974999999999999,9107000.0,0.0,0.0,0.0
680,2011-07-27,23.2,4.2,,1.2875,1.9455000000000002,4812000.0,0.0,0.0,0.0
681,2011-08-04,23.0,4.68,,4.0065,4.603,2734000.0,0.0,0.0,0.0
682,2011-08-12,23.3,4.97,,4.1375,4.62,4309000.0,0.0,0.0,0.0
683,2011-08-19,22.4,7.03,,5.7250000000000005,6.935000000000001,1861000.0,0.0,0.0,0.0
684,2011-08-29,21.3,1.81,,6.945,8.780000000000001,1481000.0,0.0,0.0,0.0
685,2011-09-06,,,,2.41,3.5900000000000003,3590000.0,0.0,0.0,0.0
686,2011-09-07,,6.32,,,,,,,
687,2011-09-16,,,,2.9139999999999997,3.8829999999999996,1949000.0,0.0,0.0,0.0
688,2011-09-17,,5.42,,,,,,,
689,2011-09-19,,,,2.1368685714285713,2.9463085714285717,887000.0,0.0,0.0,0.0
690,2011-09-20,,4.42,,,,,,,
691,2011-09-26,,,,2.7699999999999996,3.6199999999999997,496000.0,0.0,0.0,0.0
692,2011-09-27,,3.41,,,,,,,
693,2011-10-03,,,,2.845,3.4450000000000003,2460000.0,0.0,0.0,0.0
694,2011-10-04,,3.77,,,,,,,
695,2011-10-12,,,,6.24,8.270000000000001,913000.0,0.0,0.0,0.0
696,2011-10-13,,4.08,,,,,,,
697,2011-10-17,,,,9.83,12.870000000000001,494000.0,0.0,0.0,0.0
698,2011-10-18,,1.83,,,,,,,
699,2011-10-24,,,,9.7845,15.818999999999999,776000.0,0.0,0.0,0.0
700,2011-10-25,,7.29,,,,,,,
701,2011-10-31,,,,16.569499999999998,23.563999999999997,231000.0,0.0,0.0,0.0
702,2011-11-01,,1.82,,,,,,,
703,2011-11-07,,,,14.223958571428573,23.72048857142857,454000.0,0.0,0.0,0.0
704,2011-11-08,,2.92,,,,,,,
1174,2011-11-16,,,,,,334000.0,0.0,0.0,0.0
705,2011-11-17,,3.02,,10.298958571428571,17.790488571428572,,,,
706,2011-11-21,,1.41,,12.550958571428572,21.22948857142857,1075000.0,0.0,0.0,0.0
707,2011-11-28,,1.58,,14.482458571428573,25.287488571428575,105000.0,0.0,0.0,0.0
708,2011-12-07,,2.32,,14.925958571428573,25.974488571428573,165000.0,0.0,0.0,0.0
709,2011-12-14,,0.54,,22.192138571428572,36.13684857142857,74000.0,0.0,0.0,0.0
710,2011-12-19,,,,25.292138571428573,39.38684857142857,,,,
711,2011-12-28,,1.51,,14.79295857142857,26.50348857142857,68000.0,0.0,0.0,0.0
712,2012-01-04,,1.54,,14.343499999999999,26.407,699000.0,0.0,0.0,0.0
713,2012-01-09,,2.39,,14.659000000000002,26.573000000000004,851000.0,0.0,0.0,0.0
714,2012-01-18,,,,11.2876,21.3052,3746000.0,0.0,0.0,0.0
715,2012-01-19,,4.59,,,,,,,
716,2012-01-23,,11.47,,11.2986,19.7622,8618000.0,0.0,0.0,0.0
717,2012-01-30,,,,2.4865000000000004,3.318,40137000.0,0.0,0.0,0.0
718,2012-02-06,,,,1.4809999999999999,2.121,9401000.0,0.0,0.0,0.0
719,2012-02-13,,,,1.9865,2.7729999999999997,396000.0,0.0,0.0,0.0
720,2012-02-22,,,,5.6305000000000005,6.531000000000001,,,,
721,2012-02-27,,,,8.858,11.051,,,,
722,2012-03-12,,,,6.323749999999999,6.959999999999999,,,,
723,2012-03-19,,,,1.7325000000000002,2.24,,,,
724,2012-03-26,,,,10.078,12.696,,,,
725,2012-04-04,,,,10.227700000000002,18.550400000000003,,,,
726,2012-04-09,,,,5.644,6.768000000000001,,,,
727,2012-04-16,,,,2.6310000000000002,3.5420000000000003,,,,
728,2012-04-25,,,,9.097,9.584,,,,
729,2012-04-30,,,,2.277,2.959,,,,
730,2012-05-07,,,,1.1311499999999999,2.22245,,,,
731,2012-06-08,,,,4.315799999999999,6.416599999999999,,,,
732,2012-06-18,,,,1.4493,1.9205999999999999,,,,
733,2012-06-25,,,,4.6258,6.2666,,,,
734,2012-07-02,,,,1.4958,2.3376,,,,
735,2012-07-09,,,,0.6323000000000001,1.0141,,,,
736,2012-07-30,,,,3.8857999999999997,4.9315999999999995,,,,
737,2012-09-17,,,,13.796199999999999,27.475399999999997,,,,
738,2012-09-23,,,,4.5008,6.991599999999999,,,,
739,2012-10-01,,,,9.5458,14.9366,,,,
740,2012-12-28,,,,15.814100000000002,25.898200000000006,,,,
741,2013-01-02,1.8,1.02,,8.3386,15.9172,45200.0,0.0,0.0,0.0
742,2013-01-09,4.4,2.71,,7.7531,14.411200000000001,97300.0,0.0,0.0,0.0
743,2013-01-16,5.3,2.94,,6.5638,12.6596,221700.0,0.0,0.0,0.0
744,2013-01-21,4.8,4.75,,4.2113,8.0371,342600.0,0.0,0.0,0.0
745,2013-01-30,2.0,5.16,,0.26692,0.37433999999999995,1968333.0,0.0,0.0,0.0
746,2013-01-30,2.0,5.16,,0.26692,0.37433999999999995,2474000.0,0.0,0.0,0.0
747,2013-02-05,2.2,4.95,,1.3383083333333334,1.933641666666667,4154367.0,0.0,0.0,0.0
748,2013-02-12,2.1,5.95,,1.690808333333333,2.329141666666666,8272800.0,0.0,0.0,0.0
749,2013-02-19,1.2,3.9,,0.7548083333333333,0.9976416666666666,8267900.0,0.0,0.0,0.0
750,2013-02-26,3.6,1.83,,0.4900583333333334,0.6721416666666667,3434300.0,0.0,0.0,0.0
751,2013-03-05,3.0,1.77,,0.8323083333333334,1.3096416666666666,247300.0,0.0,0.0,0.0
752,2013-03-12,4.1,6.94,,0.7961233333333333,0.9217716666666667,1157000.0,0.0,0.0,0.0
753,2013-03-20,3.0,2.3,,1.7648083333333333,2.6346416666666665,456200.0,0.0,0.0,0.0
754,2013-03-26,4.1,3.16,,0.8548083333333334,1.2561416666666667,456600.0,0.0,0.0,0.0
755,2013-04-02,5.5,3.05,,0.6108083333333333,0.9676416666666666,807800.0,0.0,0.0,0.0
756,2013-04-09,6.7,2.91,,0.4235583333333333,0.5186416666666667,5533700.0,0.0,0.0,0.0
757,2013-04-16,8.2,1.74,,0.9027083333333333,0.9914416666666667,2247500.0,0.0,0.0,0.0
758,2013-04-23,10.2,2.72,,1.3328083333333332,1.5831416666666664,1890200.0,0.0,0.0,0.0
759,2013-04-30,11.0,1.39,,1.5251583333333334,1.6728416666666668,139600.0,0.0,0.0,0.0
760,2013-05-07,13.2,1.26,,0.2726,0.33370000000000005,146000.0,1000.0,0.0,0.0
761,2013-05-14,13.5,1.87,,0.4145,0.596,122400.0,0.0,0.0,0.0
762,2013-05-21,15.98,2.0,,0.29,0.3295,192300.0,0.0,0.0,0.0
763,2013-05-27,,,,0.4859,0.5283,,,,
764,2013-05-28,14.76,2.69,,,,478000.0,0.0,0.0,0.0
765,2013-06-06,18.82,5.17,,0.18305,0.24009999999999998,6374300.0,0.0,0.0,0.0
766,2013-06-11,17.0,12.51,,0.5613499999999999,0.6201999999999999,22438200.0,0.0,0.0,0.0
767,2013-06-18,,,,0.7085,0.931,,,,
768,2013-06-19,19.99,23.53,,,,15745200.0,0.0,0.0,0.0
769,2013-06-24,20.2,4.25,,1.2198,1.2496,7044600.0,0.0,0.0,0.0
770,2013-07-03,18.6,6.09,,-0.044300000000000006,-0.11570000000000001,7178000.0,0.0,0.0,0.0
771,2013-07-08,24.37,5.93,,1.9715,2.1029999999999998,12231400.0,0.0,0.0,0.0
772,2013-07-15,24.5,8.16,,0.35907999999999995,0.37316,48604100.0,0.0,0.0,0.0
773,2013-07-22,24.37,5.48,,0.33322999999999997,0.33899,352400.0,0.0,0.0,0.0
774,2013-07-29,22.98,16.87,,0.982,1.163,3640300.0,100.0,0.0,0.0
775,2013-08-05,22.39,4.78,,,,931800.0,200.0,0.0,0.0
776,2013-08-12,22.09,5.61,,,,1537100.0,200.0,0.0,0.0
777,2013-08-16,21.17,5.26,31.86909090909091,0.9462492491104848,1.4703932350630748,2769200.0,200.0,0.0,0.0
778,2013-08-26,21.64,5.46,,,,1303200.0,200.0,0.0,0.0
779,2013-09-03,22.14,10.11,,,,3298500.0,0.0,0.0,0.0
780,2013-09-09,19.68,,22.6569696969697,1.177062982302112,1.7288628067094869,5512100.0,0.0,0.0,0.0
781,2013-09-10,,7.2,,,,,,,
1175,2013-09-15,,,,,,2265000.0,0.0,0.0,0.0
782,2013-09-16,20.08,6.55,,,,,,,
1176,2013-09-22,,,,,,1078200.0,0.0,0.0,0.0
783,2013-09-23,18.64,2.81,,,,,,,
1177,2013-09-29,,,,,,711000.0,2000.0,0.0,0.0
784,2013-09-30,18.21,4.88,,,,,,,
1178,2013-10-06,,,,,,359100.0,0.0,0.0,0.0
785,2013-10-07,18.45,2.12,,,,,,,
1179,2013-10-15,,,,,,414500.0,0.0,0.0,0.0
786,2013-10-16,16.76,3.19,,,,,,,
788,2013-10-21,16.39,2.28,,,,187000.0,0.0,0.0,0.0
787,2013-10-21,16.39,2.28,,,,187000.0,0.0,0.0,0.0
789,2013-10-28,13.49,3.15,11.505454545454548,1.6377912296104618,2.1197929855367126,199700.0,0.0,0.0,0.0
790,2013-11-04,13.14,2.0,,,,177500.0,0.0,0.0,0.0
791,2013-11-11,,4.87,,,,755000.0,0.0,0.0,0.0
792,2013-11-12,10.93,,,,,,,,
793,2013-11-20,9.31,3.24,9.953939393939393,0.8064996996441939,1.31615729402523,851900.0,0.0,0.0,0.0
794,2013-11-25,6.02,2.48,,,,765500.0,0.0,0.0,0.0
795,2013-12-02,5.34,,10.038787878787879,2.8255709070745345,4.776404972043806,,,,
796,2013-12-03,,3.2,,,,809000.0,0.0,0.0,0.0
797,2013-12-09,6.07,2.51,,,,91300.0,0.0,0.0,0.0
798,2013-12-16,3.85,3.43,,,,239500.0,0.0,0.0,0.0
1180,2013-12-23,,,,,,152000.0,0.0,0.0,0.0
799,2013-12-24,,2.35,,,,,,,
800,2013-12-30,4.04,2.38,,,,,0.0,0.0,0.0
801,2014-01-02,3.25,2.67,,,,201600.0,0.0,0.0,0.0
802,2014-01-14,2.23,5.85,,,,508300.0,0.0,0.0,0.0
803,2014-01-21,2.54,14.1,3.747878787878788,4.132133450395083,7.764266900790165,987700.0,0.0,0.0,0.0
804,2014-01-27,0.76,15.59,0.6393939393939394,0.16722924079293933,0.2385637447437734,1239500.0,0.0,0.0,0.0
805,2014-02-03,0.93,5.18,1.469090909090909,7.748207568966315,10.304836190564208,944000.0,0.0,0.0,0.0
806,2014-02-10,1.23,2.9,,,,775600.0,0.0,0.0,0.0
807,2014-02-17,1.28,2.18,,,,312000.0,0.0,0.0,0.0
808,2014-02-24,2.49,,2.6751515151515153,0.46176331962478634,0.5719476918811516,889300.0,0.0,0.0,0.0
809,2014-02-25,,3.28,,,,,,,
810,2014-03-03,1.56,3.89,,,,793000.0,0.0,0.0,0.0
811,2014-03-10,1.82,6.67,0.16484848484848486,0.6685250219490783,0.7370500438981563,409500.0,0.0,0.0,0.0
812,2014-03-17,2.5,1.64,,,,525000.0,0.0,0.0,0.0
813,2014-03-24,3.38,,,,,,,,
814,2014-03-25,,1.63,,,,1306000.0,0.0,0.0,0.0
815,2014-03-31,3.94,4.17,2.8872727272727277,2.7679192273924498,4.595838454784899,4297900.0,0.0,0.0,0.0
816,2014-04-04,5.45,5.88,9.463030303030305,7.162848297213621,12.809907120743032,12428800.0,0.0,0.0,0.0
817,2014-04-14,6.52,3.43,,,,761300.0,0.0,0.0,0.0
818,2014-04-21,8.59,3.84,0.05212121212121212,1.7932905133773855,2.1444757635968763,6082100.0,0.0,39000.0,0.0
819,2014-04-25,7.94,,,,,2502500.0,0.0,0.0,0.0
820,2014-04-26,,1.89,,,,,,,
821,2014-05-06,10.66,2.3,7.9357575757575765,0.9313968855413335,1.3238464026616144,746000.0,0.0,0.0,0.0
822,2014-05-12,12.68,2.75,,,,107000.0,0.0,0.0,0.0
823,2014-05-18,14.02,,,,,192000.0,0.0,0.0,0.0
824,2014-05-19,,3.05,,,,,,,
825,2014-05-27,14.83,2.59,13.056019070321813,0.8601217656012177,1.0313546423135465,93800.0,0.0,0.0,0.0
826,2014-06-02,16.0,0.05,,,,643200.0,0.0,0.0,0.0
827,2014-06-09,19.2,0.06,,,,8137800.0,0.0,0.0,0.0
828,2014-06-16,18.54,0.23,15.558998808104887,0.7326940639269407,0.9587214611872147,6100267.0,0.0,0.0,0.0
829,2014-06-23,20.17,5.1,10.9523241954708,0.8499343607305936,0.9365353881278539,19872200.0,0.0,0.0,0.0
830,2014-06-30,,4.49,,,,8922000.0,0.0,0.0,0.0
831,2014-07-07,,7.51,,,,11312000.0,0.0,0.0,0.0
832,2014-07-14,21.33,3.34,,,,404000.0,0.0,0.0,0.0
833,2014-07-21,22.55,20.67,37.19189511323003,0.991617199391172,1.1876788432267884,4286100.0,0.0,0.0,0.0
834,2014-07-28,,9.84,25.392133492252682,0.8315791952054794,0.9231583904109588,13637400.0,0.0,0.0,0.0
835,2014-08-05,22.74,12.28,,,,1107000.0,0.0,0.0,0.0
836,2014-08-11,22.15,5.05,,,,5696000.0,0.0,0.0,0.0
837,2014-08-19,22.06,7.32,24.438617401668658,0.320947298325723,0.3601168188736682,10643500.0,0.0,0.0,0.0
838,2014-08-25,,5.35,27.835518474374254,0.9318873668188736,1.3359969558599694,5256900.0,0.0,0.0,0.0
839,2014-09-02,22.18,5.85,,,,744000.0,0.0,0.0,0.0
840,2014-09-09,,3.99,24.61740166865316,3.0989878234398778,3.706864535768645,446000.0,0.0,0.0,0.0
841,2014-09-15,,6.4,24.855780691299167,3.3374809741248095,4.5138508371385075,902000.0,0.0,0.0,0.0
842,2014-09-22,19.97,1.41,,,,136000.0,0.0,0.0,0.0
843,2014-09-29,19.18,9.55,,,,3455000.0,0.0,0.0,0.0
844,2014-10-06,17.07,8.91,,,,2469000.0,0.0,0.0,0.0
845,2014-10-14,16.51,8.43,,,,1601000.0,0.0,0.0,0.0
846,2014-10-20,16.61,4.25,,,,546000.0,0.0,0.0,0.0
847,2014-10-27,14.44,3.45,15.9761620977354,6.6531354642313545,10.93738203957382,668000.0,0.0,0.0,0.0
848,2014-11-03,11.86,3.58,,,,272000.0,0.0,0.0,0.0
849,2014-11-10,11.27,1.75,,,,431000.0,0.0,0.0,0.0
850,2014-11-19,8.01,2.78,21.876042908224075,7.634223744292238,12.355114155251144,435000.0,0.0,0.0,0.0
851,2014-11-25,9.09,2.8,18.419547079856972,7.240235920852359,11.978249619482497,288000.0,0.0,0.0,0.0
852,2014-12-01,7.54,2.44,,,,282000.0,0.0,0.0,0.0
853,2014-12-08,5.65,1.96,20.32657926102503,14.552926179604263,24.71474124809742,192100.0,0.0,0.0,0.0
854,2014-12-15,4.92,1.46,,,,414000.0,0.0,0.0,0.0
855,2014-12-22,6.06,1.55,,,,383000.0,0.0,0.0,0.0
856,2014-12-30,5.89,2.13,17.168057210965436,9.503972602739726,16.527945205479455,609000.0,0.0,0.0,0.0
857,2015-01-05,4.56,3.49,12.468870540388844,6.304240257086025,11.02446889630159,711000.0,0.0,0.0,0.0
858,2015-01-12,1.87,2.81,11.893944724365106,6.433136786017528,11.381531737343712,1824000.0,0.0,0.0,0.0
859,2015-01-20,3.62,2.47,10.897406643257293,6.348354070982524,11.951807144174689,838000.0,0.0,0.0,0.0
860,2015-01-26,2.32,5.34,,,,,,,
1181,2015-01-27,,,,,,1941000.0,0.0,0.0,0.0
861,2015-01-28,,,9.795465495878458,17.135349524534146,33.07252847525252,,,,
862,2015-02-04,-0.47,,7.486180134849774,5.217732793057669,9.842278785259102,877000.0,0.0,0.0,0.0
863,2015-02-05,,3.12,,,,,,,
864,2015-02-11,-0.86,5.03,8.473136119023861,8.347736418641029,14.73873127879566,945000.0,0.0,0.0,0.0
865,2015-02-18,-0.42,3.3,2.9088124296074396,3.113214942814765,5.500259035608814,445000.0,0.0,0.0,0.0
866,2015-02-23,-1.31,7.54,2.331011984503582,0.9886960213123914,1.6483003253205424,1404000.0,0.0,43000.0,0.0
1182,2015-03-03,,,,,,2002000.0,0.0,243000.0,0.0
867,2015-03-04,-0.94,9.75,,,,,,,
868,2015-03-09,-0.68,5.16,-0.3868164637282787,0.27304844593986083,0.4534244468175224,730000.0,0.0,112000.0,0.0
869,2015-03-16,1.48,4.36,0.2081808299693815,1.2782833302609453,1.6623957403409364,792000.0,0.0,296000.0,0.0
870,2015-03-25,3.62,3.16,0.024252008761701763,0.43999999999999995,0.53,654000.0,0.0,80000.0,0.0
871,2015-03-30,2.96,8.7,,0.6115539013253485,0.6732843754837263,1244000.0,0.0,528000.0,0.0
872,2015-04-03,3.79,2.28,0.49541759225127147,0.3434337518898017,0.6323555014436097,976000.0,0.0,99000.0,0.0
873,2015-04-13,5.96,2.66,0.14,0.9180436124405236,1.274841960412105,3895000.0,0.0,0.0,0.0
874,2015-04-20,8.03,1.58,0.9558023490212754,0.7576901035876962,1.026905743923441,1304000.0,0.0,0.0,0.0
875,2015-04-27,9.07,6.59,1.335,0.41072736367168144,0.6191825005850647,12368000.0,0.0,18000.0,0.0
876,2015-05-04,8.82,1.43,2.4189008943052124,0.6406940793364655,0.9391937473640697,4766000.0,0.0,0.0,0.0
877,2015-05-11,13.05,0.98,5.983350117994917,0.8651256534507208,1.2266098090085737,50000.0,0.0,0.0,0.0
878,2015-05-18,13.62,1.65,7.491816090402786,1.536492535323265,2.1536637176408173,49000.0,0.0,0.0,0.0
879,2015-05-26,14.39,2.34,11.25739411041354,0.2965910996275188,0.3567634653632842,206000.0,0.0,0.0,0.0
880,2015-05-31,17.11,4.33,15.615184697369605,0.6605625995763538,0.9418165150659136,,,,
881,2015-06-10,16.66,3.83,12.933467413088948,0.30712545691877496,0.400100743612556,999000.0,0.0,0.0,0.0
882,2015-06-15,18.32,5.16,11.145,0.7090903525040069,0.9622013250074696,4653000.0,0.0,0.0,0.0
883,2015-06-22,19.81,6.87,12.54,0.2818198170202407,0.5548398791454421,951000.0,0.0,0.0,0.0
884,2015-06-30,20.17,7.95,10.888657983824949,0.18220267897431092,0.28665014018253004,7502000.0,0.0,0.0,0.0
885,2015-07-07,21.56,5.76,0.48806444962314055,1.0918506666901098,1.6707812672928684,1095000.0,0.0,0.0,0.0
886,2015-07-13,22.02,2.98,16.23,3.313718699707761,3.8648482416181404,467000.0,0.0,0.0,0.0
887,2015-07-20,22.91,3.03,20.34,2.7910115859844624,3.1021027084085917,758000.0,0.0,0.0,0.0
888,2015-07-27,,8.7,30.023857734390727,1.306437469170834,1.7193434892216233,1910000.0,0.0,0.0,0.0
890,2015-08-04,22.91,6.73,26.60515904550456,1.8002105568287936,2.3436695504492517,1927000.0,0.0,0.0,0.0
889,2015-08-04,22.91,6.73,26.60515904550456,1.8002105568287936,2.3436695504492517,1927000.0,0.0,0.0,0.0
892,2015-08-10,22.86,9.69,28.200551766984773,0.6591828395617181,0.8146778079515564,4748000.0,0.0,0.0,0.0
891,2015-08-10,22.86,9.69,28.200551766984773,0.6591828395617181,0.8146778079515564,4748000.0,0.0,0.0,0.0
893,2015-08-14,23.02,10.64,26.035375930690197,0.2476525491451278,0.35445700600866825,7373667.0,0.0,0.0,0.0
894,2015-08-14,23.02,10.64,26.035375930690197,0.2476525491451278,0.35445700600866825,7373667.0,0.0,0.0,0.0
895,2015-08-23,,,38.456647833643274,1.3778846252124017,1.5522646149362174,2008000.0,32000.0,0.0,0.0
897,2015-08-24,25.51,11.79,,,,,,,
896,2015-08-24,25.51,11.79,,,,,,,
899,2015-08-31,23.23,5.98,32.64486006253679,1.9770516750496643,2.2618679851830423,919000.0,2000.0,0.0,0.0
898,2015-08-31,23.23,5.98,32.64486006253679,1.9770516750496643,2.2618679851830423,919000.0,2000.0,0.0,0.0
900,2015-09-08,23.22,5.84,33.93276767194177,1.536046421720374,1.7952556489924667,165000.0,7000.0,0.0,0.0
901,2015-09-14,22.45,,36.885352409537695,6.436035623426061,7.75469601579852,181000.0,3000.0,0.0,0.0
902,2015-09-15,,7.58,,,,,,,
903,2015-09-21,21.52,,33.491831723049145,0.9884554244440213,1.1539842376065332,1492000.0,0.0,0.0,0.0
904,2015-09-22,,20.29,,,,,,,
905,2015-09-28,19.66,7.88,32.700010229535145,1.6210520272878672,2.231171628142912,504000.0,0.0,0.0,0.0
906,2015-10-05,16.13,,30.866496653148488,11.550859098155936,14.372155204321814,67000.0,0.0,0.0,0.0
907,2015-10-06,,1.65,,,,,,,
908,2015-10-14,16.82,15.99,13.714543141773612,0.3944520265297732,0.6845741089910469,1087000.0,0.0,0.0,0.0
909,2015-10-19,14.18,5.24,14.576931865809222,0.5181462704372056,0.6974236864344162,247000.0,0.0,0.0,0.0
910,2015-10-26,13.9,5.23,9.172629195186074,1.1435703792518388,1.3549382830168657,609000.0,0.0,0.0,0.0
911,2015-11-02,13.94,5.72,11.347765199142554,1.1426798362892006,1.5292205861262531,277000.0,0.0,0.0,0.0
912,2015-11-06,13.97,6.0,16.16,2.2146598989488164,3.166464286530892,276000.0,0.0,0.0,0.0
913,2015-11-16,11.33,2.47,18.218128700626234,4.46312450704785,5.8344605007688095,191000.0,0.0,0.0,0.0
914,2015-11-23,9.99,,19.65544324068558,6.89325617960225,10.413771629332935,182000.0,0.0,0.0,0.0
915,2015-11-24,,2.77,,,,,,,
916,2015-11-30,8.97,3.99,19.463801302011003,6.647840502021179,10.484844707260145,403000.0,0.0,0.0,0.0
917,2015-12-07,8.57,5.16,17.451560945927913,7.173765421870437,11.555424694728305,770000.0,0.0,0.0,0.0
918,2015-12-14,9.05,3.72,17.25,6.793360542012175,11.505352543624774,354000.0,0.0,0.0,0.0
919,2015-12-21,8.18,1.58,16.587519100800552,6.878954930155821,11.077261000559613,140000.0,0.0,0.0,0.0
920,2015-12-29,8.58,2.42,16.210126155613832,7.891101613970595,13.404156291524199,190000.0,0.0,0.0,0.0
921,2016-01-04,8.56,1.54,14.700554374866963,7.357551488890673,12.374881281781233,166000.0,0.0,0.0,0.0
922,2016-01-11,5.97,3.13,13.47402730301013,5.916469255530119,10.754188582963057,322000.0,0.0,4000.0,0.0
923,2016-01-20,3.51,2.61,12.719241412636693,6.411385340044977,11.902886761743664,290000.0,0.0,0.0,0.0
924,2016-01-25,1.17,3.11,13.945768484493527,7.263999837614801,13.79724195896771,474000.0,0.0,16000.0,0.0
925,2016-02-01,3.76,5.73,9.803880911069296,4.3016379228517225,8.327517946416197,632000.0,0.0,122000.0,0.0
926,2016-02-10,2.93,19.58,3.5108535500807725,0.5158195113741764,0.8941702024252163,4040000.0,0.0,1508000.0,0.0
927,2016-02-15,0.51,14.9,0.6049278721430431,0.5206119070147899,0.9334478074336937,2522000.0,0.0,1224000.0,0.0
928,2016-02-22,2.94,6.32,0.3879269286606804,0.43881896948383026,0.7819660093051758,2006000.0,0.0,0.0,0.0
929,2016-02-29,4.27,2.92,0.5766234012540392,1.2790675237840685,1.9692219828695443,899000.0,0.0,7000.0,0.0
930,2016-03-07,4.18,8.02,0.31244833962333673,0.7054344852439021,1.1498818275833478,2652000.0,0.0,780000.0,0.0
931,2016-03-14,6.62,1.66,0.8124939919957379,0.7510508482572333,1.0266643530665123,759000.0,0.0,0.0,0.0
932,2016-03-22,5.77,3.48,0.9540163464407574,0.41309421043692596,0.6527856221546798,1739000.0,0.0,138000.0,0.0
933,2016-03-28,6.89,1.62,1.1710172899231202,0.49151856221597146,0.807364811287758,1398000.0,0.0,0.0,0.0
934,2016-04-04,7.07,3.46,3.026847097878806,0.4584119686075934,0.8029958921526,5374000.0,0.0,29000.0,0.0
935,2016-04-11,6.94,4.87,2.13,0.14436499632992472,0.2519084322891426,9141000.0,0.0,0.0,0.0
936,2016-04-18,9.16,4.58,3.278238325004612,0.7373163194848874,0.8644509123583964,13103000.0,0.0,0.0,0.0
937,2016-04-25,10.75,0.97,5.77,1.2420746191314913,1.6714023968639997,268000.0,0.0,0.0,0.0
938,2016-05-02,10.68,2.22,6.9362459221128105,1.1260763606520845,1.579215687023086,219000.0,0.0,0.0,0.0
939,2016-05-06,10.14,4.17,10.039447510469408,1.8585697308305014,3.0965880045176473,359000.0,0.0,0.0,0.0
940,2016-05-16,11.66,2.34,9.983578400380228,0.6319566690394576,0.8734703721587416,468000.0,0.0,3000.0,0.0
941,2016-05-23,14.7,2.32,5.972176295977081,0.4403964087258744,0.4625141469481257,1936000.0,0.0,2000.0,0.0
942,2016-05-30,16.87,,,,,,,,
943,2016-05-31,,2.82,7.0448632096893435,0.4484433324379586,0.5992293809005749,725000.0,0.0,0.0,0.0
944,2016-06-06,17.62,2.69,10.765745941628753,1.4010159240123135,1.7954919539907728,990000.0,0.0,0.0,0.0
945,2016-06-13,16.52,5.64,7.782335462866524,0.28056901696745534,0.4381034033797412,4563000.0,0.0,0.0,0.0
946,2016-06-20,18.64,,,,,,,,
947,2016-06-21,,6.59,11.25739411041354,0.29065056471227724,0.42096665472756273,6216000.0,0.0,0.0,0.0
948,2016-06-27,19.63,6.2,15.279970036834522,0.3077441545276778,0.4818621684230342,1689000.0,0.0,0.0,0.0
949,2016-07-05,20.84,,15.279970036834522,0.4782234818487358,0.5121883022492958,2038000.0,0.0,0.0,0.0
950,2016-07-06,,6.71,,,,,,,
951,2016-07-11,21.79,10.27,17.179519779866652,0.7525199955811208,0.9512942250191646,6632000.0,0.0,0.0,0.0
952,2016-07-18,23.96,5.33,21.9329375040268,0.49433387894268066,0.6460518430657235,3103000.0,0.0,0.0,0.0
953,2016-07-25,23.38,6.23,17.03280271662329,1.1672477445740193,1.3839137603282623,1261000.0,0.0,0.0,0.0
954,2016-08-04,23.29,9.23,23.41437360254414,0.42005744092702746,0.6777778508855687,4142000.0,0.0,0.0,0.0
955,2016-08-10,23.78,13.58,25.123722946987225,2.0475136099648874,2.6024678339625487,911000.0,30000.0,0.0,0.0
956,2016-08-16,26.47,14.23,32.53090343957392,0.877084567619143,1.34746673955595,1003000.0,22000.0,0.0,0.0
957,2016-08-22,24.22,9.09,34.58212265290562,1.2238017264985044,1.6301390434766057,761000.0,15000.0,0.0,0.0
958,2016-08-29,24.38,9.23,35.60773225957147,0.48485917107662346,0.644788014040526,914000.0,5000.0,0.0,0.0
959,2016-09-06,21.65,16.84,44.97,5.993344184756754,7.68318427000795,255000.0,2000.0,0.0,0.0
960,2016-09-12,21.56,18.74,30.890132530074585,1.1533273944755766,1.1730238305248424,242000.0,0.0,0.0,0.0
961,2016-09-19,21.52,4.31,34.73612264142828,2.5725618244682464,4.56759410164196,274000.0,0.0,0.0,0.0
962,2016-09-26,20.28,6.11,36.77223505332142,0.907165282196854,1.1180605022667673,1593000.0,0.0,0.0,0.0
963,2016-10-03,17.84,3.35,43.67239378251481,8.637875309322736,10.575168523159757,440000.0,0.0,0.0,0.0
964,2016-10-11,16.42,8.7,18.89969277114835,3.030306242929183,3.7534294391717546,1330000.0,5000.0,0.0,0.0
965,2016-10-17,16.43,6.13,10.144409400007877,2.5279801921932776,4.349795279356914,574000.0,0.0,0.0,0.0
966,2016-10-24,15.98,6.16,11.999534041954952,1.9717580949712135,2.346797223669724,612000.0,0.0,0.0,0.0
967,2016-10-31,13.05,5.84,8.820936332277338,1.4009911089766307,1.8147978944869207,524000.0,2000.0,0.0,0.0
968,2016-11-07,12.2,8.78,9.4,2.5432038773192565,3.31169348046923,1257000.0,2000.0,0.0,0.0
969,2016-11-14,10.37,4.62,4.499853324815243,0.40532744666475795,0.5287892279676797,1019000.0,0.0,0.0,0.0
970,2016-11-21,9.97,3.99,4.8392053934640975,1.2771815635348076,1.8303869448151127,495000.0,0.0,0.0,0.0
971,2016-11-29,7.85,6.91,5.83,1.0246807837296725,1.9174228831188311,1292000.0,0.0,0.0,0.0
972,2016-12-05,7.91,6.28,5.155933990869697,1.1797117774931531,2.250919041279786,1273000.0,0.0,0.0,0.0
973,2016-12-12,6.16,9.51,2.14701231551651,0.6583281762412886,0.8378793333569975,2026000.0,0.0,0.0,0.0
974,2016-12-19,4.42,7.44,1.650306330310252,0.6368786879441456,0.8665119135962726,1264000.0,0.0,0.0,0.0
975,2016-12-27,4.48,8.98,3.586332139118116,0.9252753618259945,1.3108104714953395,4834000.0,0.0,18000.0,0.0
976,2017-01-03,3.9,8.0,2.1314823354233177,0.8854732252516484,1.3011828931178742,5477000.0,0.0,36000.0,0.0
1184,2017-01-11,,,,,,1657000.0,0.0,0.0,0.0
977,2017-01-12,3.16,9.82,1.535201482028303,1.3760832328848895,1.7415019704229804,3806000.0,0.0,0.0,0.0
978,2017-01-17,3.21,6.27,1.5710538118210415,0.8496676980605469,1.2201155286314513,1887000.0,0.0,0.0,0.0
979,2017-01-25,4.56,,6.03,1.6517376437490265,1.9445937532422375,1322000.0,0.0,77000.0,0.0
980,2017-01-26,,18.91,,,,,,,
981,2017-01-30,4.05,,4.501510031195907,1.4744859973466466,2.0101754561385654,3014000.0,0.0,174000.0,0.0
982,2017-01-31,,7.69,,,,,,,
983,2017-02-06,2.97,7.3,0.39,2.16,2.62,1341000.0,0.0,14000.0,0.0
984,2017-02-14,1.5,10.44,0.17,0.19,0.3,2669000.0,0.0,354000.0,0.0
985,2017-02-21,3.26,26.68,0.05,0.17,0.24000000000000002,3944000.0,0.0,1434000.0,0.0
986,2017-02-27,4.87,,0.17,0.5,0.6499999999999999,1916000.0,0.0,93000.0,0.0
987,2017-02-28,,6.43,,,,,,,
988,2017-03-06,2.44,5.13,0.22,1.06,1.65,1778000.0,0.0,0.0,0.0
989,2017-03-13,2.34,,0.3,,,1678000.0,0.0,0.0,0.0
990,2017-03-14,,1.66,,,,,,,
991,2017-03-20,2.6,9.6,0.3,0.42,,4954000.0,0.0,0.0,0.0
992,2017-03-27,3.61,4.83,0.614362695772711,0.24775172589789335,0.3640866699393509,5696000.0,0.0,0.0,0.0
993,2017-04-03,4.83,9.36,0.49541759225127147,0.25225534776231373,0.4779533302415023,23360000.0,0.0,6000.0,0.0
994,2017-04-10,6.66,13.27,0.25838781648849724,0.21186253033158864,0.5114584223785142,33406000.0,0.0,4000.0,0.0
995,2017-04-17,10.56,8.95,0.9558023490212754,0.41830821771633764,0.8615944894783076,53746000.0,0.0,0.0,0.0
996,2017-04-24,9.62,6.65,1.3865583838209323,0.6241833680229677,0.8188442284837067,21748000.0,0.0,0.0,0.0
997,2017-05-01,11.13,,1.7372977512172125,0.6241149136780899,0.7130411976020692,1941000.0,0.0,0.0,0.0
998,2017-05-02,,1.7,,,,,,,
999,2017-05-08,11.95,,8.75445797841826,3.0295735812893936,4.087636176318687,19000.0,0.0,7000.0,0.0
1000,2017-05-09,,1.9,,,,,,,
1001,2017-05-16,11.53,,14.497802495585997,5.3967855300674445,7.632058189650193,6000.0,0.0,0.0,0.0
1002,2017-05-17,,3.43,,,,,,,
1003,2017-05-23,14.24,5.06,12.151299871840425,2.03380724145371,2.5625002150978182,258000.0,0.0,0.0,0.0
1004,2017-05-30,14.36,4.41,17.12,4.044992750512346,5.605431615128145,462000.0,0.0,0.0,0.0
1005,2017-06-05,15.93,6.57,14.162587835050916,1.3274932006422788,1.5705065344170448,3042000.0,0.0,0.0,0.0
1006,2017-06-12,17.86,5.47,13.492158513980751,1.7003460091151417,2.483226378863467,1671000.0,0.0,0.0,0.0
1007,2017-06-19,18.49,8.61,18.13,1.1745451472903503,1.6642477238919233,1371000.0,0.0,0.0,0.0
1008,2017-06-26,20.84,,9.536625519666787,2.078652597096879,2.50312124018498,4061000.0,0.0,0.0,0.0
1009,2017-06-27,,5.5,,,,,,,
1010,2017-07-02,22.11,,,,,,,,
1011,2017-07-03,,8.33,4.117321841016294,0.6800460068395187,0.9365560165136237,25088000.0,0.0,0.0,0.0
1012,2017-07-10,21.65,,7.134253785832032,1.1665668613300417,1.3136038331539528,2241000.0,0.0,0.0,0.0
1013,2017-07-11,,6.23,,,,,,,
1014,2017-07-17,22.06,6.2,11.33497156847968,1.3255896126814728,1.5294466574439747,973000.0,0.0,0.0,0.0
1015,2017-07-24,22.13,6.14,23.81,7.445629537608816,8.775690724183631,784000.0,0.0,0.0,0.0
1016,2017-07-31,20.95,27.95,21.71,0.7895202670199946,1.1121066198213272,18853000.0,0.0,0.0,0.0
1017,2017-08-07,21.56,10.52,18.34,1.1808300873208393,1.346834980626978,7104000.0,0.0,0.0,0.0
1019,2017-08-14,22.53,5.87,18.058412323289144,2.557341657373044,2.9259089316831917,9911000.0,0.0,0.0,0.0
1018,2017-08-14,22.53,5.87,18.28632556921489,2.557341657373044,2.9259089316831917,9911000.0,0.0,0.0,0.0
1020,2017-08-21,20.97,8.59,27.40285540624467,3.302995094506543,3.9819335890011858,766000.0,0.0,0.0,0.0
1021,2017-08-28,21.82,7.1,31.04946734105658,0.9383532995468933,1.1714410729828557,352000.0,6000.0,0.0,0.0
1022,2017-09-05,19.8,3.28,29.645841611695445,4.808964092055306,5.608797758159484,10000.0,0.0,0.0,0.0
1023,2017-09-11,17.55,6.02,33.15247965440029,5.138200042703747,6.663071375564392,33000.0,1000.0,0.0,0.0
1024,2017-09-18,21.47,8.14,32.92624494196772,1.5186555085541902,1.6543249775340128,49000.0,3000.0,0.0,0.0
1025,2017-09-25,19.52,4.53,33.491831723049145,8.761632696022971,10.921633725587236,103000.0,0.0,0.0,0.0
1026,2017-10-02,14.81,12.74,18.568832063030822,1.501156417376046,2.2545337603026057,673000.0,0.0,0.0,0.0
1027,2017-10-09,,,9.973707736403318,3.7221831029398516,4.234163980291364,,,,
1028,2017-10-10,19.48,5.1,,,,766000.0,0.0,0.0,0.0
1029,2017-10-16,18.62,13.3,11.662541166113883,1.9523734875889474,2.774002807389404,120000.0,0.0,0.0,0.0
1030,2017-10-22,,,10.917190099370114,1.1318963468544605,1.5727514798847537,,,,
1031,2017-10-23,17.18,10.54,,,,479000.0,0.0,0.0,0.0
1032,2017-10-31,14.76,6.79,13.096634357823412,2.214971149242774,3.3814525627218694,25000.0,1000.0,0.0,0.0
1033,2017-11-03,,,18.00274264525075,9.564975170437375,13.612408449856765,,,,
1034,2017-11-06,15.27,,17.247956754877308,5.115703562341514,7.683146606390078,,,,
1035,2017-11-07,,4.47,,,,,,,
1036,2017-11-13,10.93,2.98,,,,,,,
1037,2017-11-20,10.06,3.21,21.493627388227885,10.694403870153497,15.984741570539647,7000.0,3000.0,0.0,0.0
1038,2017-11-27,9.36,5.29,21.776672097117928,13.0952842007167,20.332599346663496,250000.0,0.0,0.0,0.0
1039,2017-12-04,8.45,8.9,23.605162160631004,11.952866875973827,20.957565658846242,1256000.0,0.0,0.0,0.0
1040,2017-12-11,7.61,4.7,25.71872689228882,15.121949177212933,26.097965620320153,118000.0,0.0,1000.0,0.0
1041,2017-12-18,4.76,4.2,23.99,16.602830918830673,26.382326195029204,130000.0,0.0,0.0,0.0
1042,2017-12-27,3.93,4.75,25.16252564711571,10.193970680127418,18.737714587223532,278000.0,0.0,0.0,0.0
1043,2018-01-03,1.58,,14.149740992688127,5.251999994915006,10.735788130900366,605000.0,0.0,0.0,0.0
1044,2018-01-05,,7.01,,,,,,,
1045,2018-01-11,-1.14,39.89,8.3,0.6150061537118967,1.1528465481230488,,,,
1046,2018-01-19,-0.07,63.14,0.42158185932541464,0.27373520904348697,0.3106059214407376,11529000.0,0.0,0.0,0.0
1047,2018-01-22,1.58,54.11,0.8465196106376709,0.49144372437934714,0.8331331078218613,4040667.0,0.0,0.0,0.0
1048,2018-01-29,2.35,50.4,3.5707933094955657,1.5494713744094493,2.96312603279557,3050000.0,0.0,0.0,0.0
1049,2018-02-05,2.06,21.44,0.38598497963433553,1.1654815282742277,1.5365935633620376,1631000.0,0.0,0.0,0.0
1050,2018-02-12,2.88,2.87,0.6340507349815429,-0.2677954218773304,-0.16050649654233867,239000.0,0.0,0.0,0.0
1051,2018-02-19,3.28,2.13,7.32,3.3067455021173764,6.480855483947024,167000.0,0.0,0.0,0.0
1052,2018-02-26,5.07,5.27,11.924936011995685,7.172301736855382,12.881663535454678,61000.0,0.0,0.0,0.0
1054,2018-03-05,4.14,4.17,9.700131031303243,5.584743559671635,9.857299202925654,73000.0,0.0,0.0,0.0
1053,2018-03-05,4.14,4.17,10.111719952731343,5.584743559671635,9.857299202925654,73000.0,0.0,0.0,0.0
1055,2018-03-12,3.6,3.39,10.478812774545597,5.755312902168382,11.003719824991377,209000.0,0.0,0.0,0.0
1056,2018-03-19,3.08,4.83,10.200712151959042,2.4188237877947705,4.9113090065084,440000.0,0.0,0.0,0.0
1057,2018-03-26,3.85,7.3,9.388658334006301,1.3090406436158943,3.2719181327142013,343300.0,0.0,0.0,0.0
1058,2018-04-02,5.39,4.96,2.135794096948941,-0.2754099024707791,-0.15831342658735548,1206967.0,0.0,0.0,0.0
1185,2018-04-08,,,,,,37000.0,0.0,0.0,0.0
1059,2018-04-09,5.03,5.31,1.9133135988796968,0.5422776212986484,1.4204400197403875,8374400.0,0.0,0.0,0.0
1060,2018-04-18,6.31,6.86,0.5383486023922566,0.9028854331628925,1.5980104879474066,3114400.0,0.0,0.0,0.0
1061,2018-04-23,7.7,,0.4441212233016806,0.3777031087655225,0.6057534391526666,3536100.0,0.0,0.0,0.0
1062,2018-04-24,,4.8,,,,,,,
1063,2018-04-30,9.95,3.84,2.0815270083455077,0.1671506558802046,0.3121018874360849,4118100.0,0.0,0.0,0.0
1064,2018-05-07,13.05,3.35,5.616574610226442,1.8494799069393717,2.921429835500365,336100.0,0.0,0.0,0.0
1065,2018-05-14,13.7,3.09,5.149367089755295,0.8326748632943752,1.1190640617238856,136000.0,0.0,0.0,0.0
1066,2018-05-21,14.09,,7.472803615850986,0.45366355062089125,0.7570423039444852,37000.0,0.0,0.0,0.0
1067,2018-05-22,,2.8,,,,,,,
1068,2018-05-28,16.06,8.35,5.694762975,0.69200835,1.0803012,145000.0,0.0,0.0,0.0
1069,2018-06-04,16.74,,4.902176326661796,0.5573931235938641,0.7974477552958362,466000.0,0.0,0.0,0.0
1070,2018-06-12,16.86,5.7,9.289550154620162,4.142881091672754,5.0285816455076695,250000.0,0.0,0.0,0.0
1071,2018-06-18,18.23,6.39,15.234952704450544,0.7873953489559848,1.2848170491226354,888000.0,0.0,0.0,0.0
1072,2018-06-25,19.63,,,,,,,,
1073,2018-06-26,,7.35,14.987425072012547,0.5055746059994117,0.7089680942064501,851000.0,0.0,0.0,0.0
1074,2018-07-01,21.37,,,,,,,,
1075,2018-07-03,22.83,4.17,20.97808716608176,1.0712594061072445,1.3755768286344476,132000.0,0.0,0.0,0.0
1076,2018-07-09,22.08,5.65,27.22915567081658,0.6290535265072055,0.8959738830996966,19000.0,0.0,0.0,0.0
1077,2018-07-16,22.47,5.55,31.820195116910106,0.4529427206646407,0.6142210615625918,41000.0,0.0,0.0,0.0
1078,2018-07-23,23.06,,33.45952643703558,1.1470793321439077,1.6431288570924423,246000.0,0.0,0.0,0.0
1079,2018-07-30,24.67,11.75,17.875986653965295,0.48210529460837165,0.7059981587981569,1076000.0,0.0,0.0,0.0
1080,2018-08-06,,4.65,20.332795249877464,4.586983669444172,8.538622242917361,250000.0,1000.0,0.0,0.0
1081,2018-08-08,25.43,,,,,,,,
1082,2018-08-14,24.44,9.29,,,,319000.0,0.0,0.0,0.0
1083,2018-08-20,24.03,35.59,42.407710418831485,1.016499896255269,1.5832422213312418,853000.0,0.0,0.0,0.0
1084,2018-08-27,21.88,,36.18932732320361,0.3790339512792863,0.6117667544358396,190000.0,0.0,0.0,0.0
1085,2018-08-28,,6.59,,,,,,,
1086,2018-09-04,23.99,,38.30909969467699,1.5162667998627586,2.179263128369768,764000.0,0.0,0.0,0.0
1087,2018-09-05,,-2.88,,,,,,,
1088,2018-09-10,21.42,,34.8096594708754,5.3178138083423185,6.643055521350846,785000.0,0.0,0.0,0.0
1089,2018-09-11,,5.78,,,,,,,
1090,2018-09-17,21.84,,34.01329135179884,3.8960352014704442,5.984478620507794,589000.0,5000.0,0.0,0.0
1091,2018-09-18,,12.21,,,,,,,
1092,2018-09-24,20.3,,34.643877344378005,5.81614927132634,9.01529100801882,273000.0,5000.0,0.0,0.0
1093,2018-09-25,,9.56,,,,,,,
1094,2018-10-01,18.8,,38.428636915988626,12.721852423399667,19.295771980776394,317000.0,1000.0,0.0,0.0
1095,2018-10-02,,8.7,,,,,,,
1096,2018-10-08,18.9,,36.7670910890795,13.542729997696306,20.797787992755612,117000.0,1000.0,0.0,0.0
1097,2018-10-09,,6.47,,,,,,,
1098,2018-10-15,16.2,6.08,32.531205342142925,12.881202965552397,19.719378281207725,325000.0,0.0,0.0,0.0
1099,2018-10-22,14.8,5.18,33.59531914052543,12.901894428948143,20.583091248112932,170000.0,1000.0,0.0,0.0
1100,2018-10-26,12.9,4.59,32.81996013967258,12.93994359778453,22.300995454857365,82000.0,0.0,0.0,0.0
1101,2018-11-05,12.32,1.87,35.38215051483188,18.658665309685325,32.23188520045093,109000.0,0.0,0.0,0.0
1102,2018-11-11,10.49,,,,,,,,
1103,2018-11-12,,1.71,34.32518934818155,15.489526244848545,26.721948931428294,230000.0,0.0,0.0,0.0
1183,2018-11-13,,,,,,33000.0,0.0,0.0,0.0
1104,2018-11-19,8.17,2.52,35.992852657543374,20.22369873495736,35.95457217056171,176000.0,0.0,0.0,0.0
1105,2018-11-26,7.31,1.79,32.07691218351142,16.792306927536515,28.504301892108614,148000.0,0.0,0.0,0.0
1106,2018-12-03,7.49,2.1,29.892894845887657,15.881741607734535,28.23097505646505,451000.0,0.0,0.0,0.0
1107,2018-12-10,5.09,2.74,23.48762019813744,12.482235195353395,22.651898221056754,1826000.0,0.0,0.0,0.0
1108,2018-12-17,5.56,3.56,27.845473290755805,16.94882339831389,31.246384407665914,2252000.0,0.0,0.0,0.0
1109,2018-12-26,4.9,3.39,17.019862298990297,10.018255640378396,19.120474825203413,3418000.0,0.0,0.0,0.0
1110,2018-12-31,5.78,5.69,22.210692933731988,13.904443590853838,26.52324168059994,6538000.0,0.0,0.0,0.0
1111,2019-01-07,5.06,2.26,17.340117208479562,10.702858884364277,20.685433676257226,477000.0,0.0,0.0,0.0
1112,2019-01-14,2.84,5.35,17.697500783138906,10.93082489274581,20.382913679884325,379000.0,0.0,0.0,0.0
1113,2019-01-22,2.62,16.22,8.8624762456916,3.4441642748848147,6.556714872855602,871000.0,0.0,0.0,0.0
1114,2019-01-28,1.48,28.34,9.179757277325752,6.865598041672386,13.00704953734928,3585000.0,0.0,0.0,0.0
1115,2019-02-04,2.6,28.96,0.45097935130869515,0.9820652238015883,1.7036784357415944,5461000.0,0.0,0.0,0.0
1116,2019-02-11,1.9,18.19,0.7894647527889428,1.229423416321929,2.0646029620919517,1957000.0,0.0,0.0,0.0
1117,2019-02-18,2.92,2.58,3.8621931768159983,3.098717278639349,5.094050867885501,201000.0,0.0,0.0,0.0
1118,2019-02-27,2.79,3.59,5.054000712498775,3.1836513513479066,5.387080962033133,340000.0,0.0,0.0,0.0
1119,2019-03-06,2.19,12.29,0.0,0.892250614645623,1.434351781168513,12030000.0,0.0,0.0,0.0
1120,2019-03-11,2.54,8.59,0.14078893269287338,0.9058458002156653,1.485131886677777,10191000.0,0.0,0.0,0.0
1121,2019-03-18,4.23,0.8,0.9331698112636009,1.2457010823154593,1.6557804142044898,471000.0,0.0,0.0,0.0
1122,2019-03-25,5.22,2.4,1.2485105262425251,0.6594911371826293,1.0222023954318207,1417000.0,0.0,0.0,0.0
1123,2019-04-01,6.15,3.74,1.1322314994118228,0.8087468252132142,1.3395643630330358,1464000.0,0.0,0.0,0.0
1124,2019-04-08,8.31,1.24,2.7704438337417896,1.0019036929418685,1.549901824928929,,,,
1125,2019-04-17,7.9,2.31,2.547649861905696,2.3520576958141355,3.939090744485834,328000.0,0.0,0.0,0.0
1126,2019-04-22,10.75,1.94,2.2123457383589837,0.6765677605626899,1.0234670523968237,79000.0,0.0,0.0,0.0
1127,2019-04-29,10.39,3.24,9.243766621517498,1.8365258574845604,2.9060565397510048,295000.0,0.0,0.0,0.0
1128,2019-05-06,10.05,4.44,9.644346041613566,3.5381619597294387,5.820141863680032,736000.0,0.0,0.0,0.0
1129,2019-05-13,,3.96,11.580338041917459,3.3043799502009605,6.012556944809333,9000.0,0.0,0.0,0.0
1130,2019-05-20,12.54,2.63,8.305891871698853,0.8595767045289678,1.3105662133026175,58000.0,0.0,0.0,0.0
1131,2019-05-28,16.73,4.45,6.7294729042250765,0.8632612989510835,1.042375006783649,547000.0,0.0,0.0,0.0
1132,2019-06-03,16.28,2.29,3.888191335535731,0.852613113665327,1.1334449599058916,536000.0,0.0,0.0,0.0
1133,2019-06-10,17.5,2.29,9.346670803254582,1.9826932001568474,2.97059032910499,80000.0,0.0,0.0,0.0
1134,2019-06-17,17.78,4.44,6.834,2.388,2.933,882000.0,0.0,0.0,0.0
1135,2019-06-24,19.31,8.75,10.019,0.446,0.669,2629000.0,0.0,0.0,0.0
1136,2019-07-01,,5.59,13.043,0.998,1.4969999999999999,1462000.0,0.0,0.0,0.0
1137,2019-07-08,22.3,6.62,7.195,0.394,0.5910000000000001,350000.0,0.0,0.0,0.0
1138,2019-07-15,23.47,5.53,13.096,0.809,1.214,2034000.0,0.0,0.0,0.0
1139,2019-07-22,25.47,2.8,15.679,1.177,1.7650000000000001,1740000.0,0.0,0.0,0.0
1140,2019-07-29,23.09,1.85,15.733,0.548,0.8220000000000001,141000.0,0.0,0.0,0.0
1141,2019-08-05,23.21,6.24,21.166,0.5880000000000001,0.882,1053000.0,0.0,0.0,0.0
1142,2019-08-12,22.38,4.42,18.907,1.938,2.907,153000.0,0.0,0.0,0.0
1143,2019-08-20,23.49,5.46,19.66,2.5380000000000003,3.807,523000.0,8000.0,0.0,0.0
1144,2019-08-26,21.69,8.28,23.749,1.04,1.56,176000.0,23000.0,0.0,0.0
1145,2019-09-03,21.3,6.11,23.713,3.414,5.121,352000.0,12000.0,0.0,0.0
1146,2019-09-09,20.2,5.33,,,,7376000.0,0.0,0.0,0.0
1147,2019-09-16,20.91,5.83,,,,4822000.0,0.0,0.0,0.0
1148,2019-09-23,19.73,6.12,,,,2185000.0,0.0,0.0,0.0
